model_version,position_group,role,duty,attribute,base_weight,duty_modifier,effective_weight,weight_tier,core_soft_floor_applies,soft_floor_if_attr_lt_6,soft_floor_if_attr_lt_8,soft_floor_if_attr_lt_10,normal_multiplier_if_attr_ge_10,notes,source_url
role_weights_v2.0,AMC,Attacking Midfielder,Attack,Anticipation,3,0,3,important,no,,,,,,https://www.fmscout.com/a-guide-to-player-roles-in-football-manager.html
role_weights_v2.0,AMC,Attacking Midfielder,Attack,Composure,3,1,4,primary,no,,,,,,https://www.fmscout.com/a-guide-to-player-roles-in-football-manager.html
role_weights_v2.0,AMC,Attacking Midfielder,Attack,Decisions,4,0,4,primary,no,,,,,,https://www.fmscout.com/a-guide-to-player-roles-in-football-manager.html
role_weights_v2.0,AMC,Attacking Midfielder,Attack,Dribbling,3,1,4,primary,no,,,,,,https://www.fmscout.com/a-guide-to-player-roles-in-football-manager.html
role_weights_v2.0,AMC,Attacking Midfielder,Attack,Finishing,0,1,1,marginal,no,,,,,,https://www.fmscout.com/a-guide-to-player-roles-in-football-manager.html
role_weights_v2.0,AMC,Attacking Midfielder,Attack,First Touch,4,0,4,primary,no,,,,,,https://www.fmscout.com/a-guide-to-player-roles-in-football-manager.html
role_weights_v2.0,AMC,Attacking Midfielder,Attack,Flair,3,0,3,important,no,,,,,,https://www.fmscout.com/a-guide-to-player-roles-in-football-manager.html
role_weights_v2.0,AMC,Attacking Midfielder,Attack,Off The Ball,4,1,5,role-defining/core,yes,0.75,0.85,0.93,1.0,,https://www.fmscout.com/a-guide-to-player-roles-in-football-manager.html
role_weights_v2.0,AMC,Attacking Midfielder,Attack,Passing,4,0,4,primary,no,,,,,,https://www.fmscout.com/a-guide-to-player-roles-in-football-manager.html
role_weights_v2.0,AMC,Attacking Midfielder,Attack,Technique,4,0,4,primary,no,,,,,,https://www.fmscout.com/a-guide-to-player-roles-in-football-manager.html
role_weights_v2.0,AMC,Attacking Midfielder,Attack,Vision,3,0,3,important,no,,,,,,https://www.fmscout.com/a-guide-to-player-roles-in-football-manager.html
role_weights_v2.0,AMC,Attacking Midfielder,Support,Anticipation,3,0,3,important,no,,,,,,https://www.fmscout.com/a-guide-to-player-roles-in-football-manager.html
role_weights_v2.0,AMC,Attacking Midfielder,Support,Composure,3,0,3,important,no,,,,,,https://www.fmscout.com/a-guide-to-player-roles-in-football-manager.html
role_weights_v2.0,AMC,Attacking Midfielder,Support,Decisions,4,0,4,primary,no,,,,,,https://www.fmscout.com/a-guide-to-player-roles-in-football-manager.html
role_weights_v2.0,AMC,Attacking Midfielder,Support,Dribbling,3,0,3,important,no,,,,,,https://www.fmscout.com/a-guide-to-player-roles-in-football-manager.html
role_weights_v2.0,AMC,Attacking Midfielder,Support,First Touch,4,1,5,role-defining/core,yes,0.75,0.85,0.93,1.0,,https://www.fmscout.com/a-guide-to-player-roles-in-football-manager.html
role_weights_v2.0,AMC,Attacking Midfielder,Support,Flair,3,0,3,important,no,,,,,,https://www.fmscout.com/a-guide-to-player-roles-in-football-manager.html
role_weights_v2.0,AMC,Attacking Midfielder,Support,Off The Ball,4,0,4,primary,no,,,,,,https://www.fmscout.com/a-guide-to-player-roles-in-football-manager.html
role_weights_v2.0,AMC,Attacking Midfielder,Support,Passing,4,1,5,role-defining/core,yes,0.75,0.85,0.93,1.0,,https://www.fmscout.com/a-guide-to-player-roles-in-football-manager.html
role_weights_v2.0,AMC,Attacking Midfielder,Support,Technique,4,0,4,primary,no,,,,,,https://www.fmscout.com/a-guide-to-player-roles-in-football-manager.html
role_weights_v2.0,AMC,Attacking Midfielder,Support,Vision,3,1,4,primary,no,,,,,,https://www.fmscout.com/a-guide-to-player-roles-in-football-manager.html
role_weights_v2.0,AMC,Enganche,Support,Anticipation,2,0,2,useful,no,,,,,,https://www.fmscout.com/a-guide-to-player-roles-in-football-manager.html
role_weights_v2.0,AMC,Enganche,Support,Balance,3,0,3,important,no,,,,,,https://www.fmscout.com/a-guide-to-player-roles-in-football-manager.html
role_weights_v2.0,AMC,Enganche,Support,Composure,4,0,4,primary,no,,,,,,https://www.fmscout.com/a-guide-to-player-roles-in-football-manager.html
role_weights_v2.0,AMC,Enganche,Support,Decisions,5,0,5,role-defining/core,yes,0.75,0.85,0.93,1.0,,https://www.fmscout.com/a-guide-to-player-roles-in-football-manager.html
role_weights_v2.0,AMC,Enganche,Support,First Touch,5,0,5,role-defining/core,yes,0.75,0.85,0.93,1.0,,https://www.fmscout.com/a-guide-to-player-roles-in-football-manager.html
role_weights_v2.0,AMC,Enganche,Support,Flair,4,0,4,primary,no,,,,,,https://www.fmscout.com/a-guide-to-player-roles-in-football-manager.html
role_weights_v2.0,AMC,Enganche,Support,Passing,5,0,5,role-defining/core,yes,0.75,0.85,0.93,1.0,,https://www.fmscout.com/a-guide-to-player-roles-in-football-manager.html
role_weights_v2.0,AMC,Enganche,Support,Teamwork,3,0,3,important,no,,,,,,https://www.fmscout.com/a-guide-to-player-roles-in-football-manager.html
role_weights_v2.0,AMC,Enganche,Support,Technique,5,0,5,role-defining/core,yes,0.75,0.85,0.93,1.0,,https://www.fmscout.com/a-guide-to-player-roles-in-football-manager.html
role_weights_v2.0,AMC,Enganche,Support,Vision,5,0,5,role-defining/core,yes,0.75,0.85,0.93,1.0,,https://www.fmscout.com/a-guide-to-player-roles-in-football-manager.html
role_weights_v2.0,AMC,Shadow Striker,Attack,Acceleration,4,0,4,primary,no,,,,,,https://www.fmscout.com/a-guide-to-player-roles-in-football-manager.html
role_weights_v2.0,AMC,Shadow Striker,Attack,Aggression,2,0,2,useful,no,,,,,,https://www.fmscout.com/a-guide-to-player-roles-in-football-manager.html
role_weights_v2.0,AMC,Shadow Striker,Attack,Anticipation,4,0,4,primary,no,,,,,,https://www.fmscout.com/a-guide-to-player-roles-in-football-manager.html
role_weights_v2.0,AMC,Shadow Striker,Attack,Composure,4,0,4,primary,no,,,,,,https://www.fmscout.com/a-guide-to-player-roles-in-football-manager.html
role_weights_v2.0,AMC,Shadow Striker,Attack,Decisions,3,0,3,important,no,,,,,,https://www.fmscout.com/a-guide-to-player-roles-in-football-manager.html
role_weights_v2.0,AMC,Shadow Striker,Attack,Dribbling,3,0,3,important,no,,,,,,https://www.fmscout.com/a-guide-to-player-roles-in-football-manager.html
role_weights_v2.0,AMC,Shadow Striker,Attack,Finishing,5,0,5,role-defining/core,yes,0.75,0.85,0.93,1.0,,https://www.fmscout.com/a-guide-to-player-roles-in-football-manager.html
role_weights_v2.0,AMC,Shadow Striker,Attack,First Touch,4,0,4,primary,no,,,,,,https://www.fmscout.com/a-guide-to-player-roles-in-football-manager.html
role_weights_v2.0,AMC,Shadow Striker,Attack,Off The Ball,5,0,5,role-defining/core,yes,0.75,0.85,0.93,1.0,,https://www.fmscout.com/a-guide-to-player-roles-in-football-manager.html
role_weights_v2.0,AMC,Shadow Striker,Attack,Pace,4,0,4,primary,no,,,,,,https://www.fmscout.com/a-guide-to-player-roles-in-football-manager.html
role_weights_v2.0,AMC,Shadow Striker,Attack,Passing,2,0,2,useful,no,,,,,,https://www.fmscout.com/a-guide-to-player-roles-in-football-manager.html
role_weights_v2.0,AMC,Shadow Striker,Attack,Work Rate,3,0,3,important,no,,,,,,https://www.fmscout.com/a-guide-to-player-roles-in-football-manager.html
role_weights_v2.0,AMC/ST,Trequartista,Attack,Agility,3,0,3,important,no,,,,,,https://www.fmscout.com/a-guide-to-player-roles-in-football-manager.html
role_weights_v2.0,AMC/ST,Trequartista,Attack,Anticipation,3,0,3,important,no,,,,,,https://www.fmscout.com/a-guide-to-player-roles-in-football-manager.html
role_weights_v2.0,AMC/ST,Trequartista,Attack,Composure,4,0,4,primary,no,,,,,,https://www.fmscout.com/a-guide-to-player-roles-in-football-manager.html
role_weights_v2.0,AMC/ST,Trequartista,Attack,Decisions,4,0,4,primary,no,,,,,,https://www.fmscout.com/a-guide-to-player-roles-in-football-manager.html
role_weights_v2.0,AMC/ST,Trequartista,Attack,Dribbling,4,0,4,primary,no,,,,,,https://www.fmscout.com/a-guide-to-player-roles-in-football-manager.html
role_weights_v2.0,AMC/ST,Trequartista,Attack,Finishing,3,0,3,important,no,,,,,,https://www.fmscout.com/a-guide-to-player-roles-in-football-manager.html
role_weights_v2.0,AMC/ST,Trequartista,Attack,First Touch,5,0,5,role-defining/core,yes,0.75,0.85,0.93,1.0,,https://www.fmscout.com/a-guide-to-player-roles-in-football-manager.html
role_weights_v2.0,AMC/ST,Trequartista,Attack,Flair,5,0,5,role-defining/core,yes,0.75,0.85,0.93,1.0,,https://www.fmscout.com/a-guide-to-player-roles-in-football-manager.html
role_weights_v2.0,AMC/ST,Trequartista,Attack,Off The Ball,4,0,4,primary,no,,,,,,https://www.fmscout.com/a-guide-to-player-roles-in-football-manager.html
role_weights_v2.0,AMC/ST,Trequartista,Attack,Passing,5,0,5,role-defining/core,yes,0.75,0.85,0.93,1.0,,https://www.fmscout.com/a-guide-to-player-roles-in-football-manager.html
role_weights_v2.0,AMC/ST,Trequartista,Attack,Technique,5,0,5,role-defining/core,yes,0.75,0.85,0.93,1.0,,https://www.fmscout.com/a-guide-to-player-roles-in-football-manager.html
role_weights_v2.0,AMC/ST,Trequartista,Attack,Vision,5,0,5,role-defining/core,yes,0.75,0.85,0.93,1.0,,https://www.fmscout.com/a-guide-to-player-roles-in-football-manager.html
role_weights_v2.0,AML/AMR,Inside Forward,Attack,Acceleration,4,1,5,role-defining/core,yes,0.75,0.85,0.93,1.0,,https://www.fmscout.com/a-guide-to-player-roles-in-football-manager.html
role_weights_v2.0,AML/AMR,Inside Forward,Attack,Anticipation,3,0,3,important,no,,,,,,https://www.fmscout.com/a-guide-to-player-roles-in-football-manager.html
role_weights_v2.0,AML/AMR,Inside Forward,Attack,Composure,4,1,5,role-defining/core,yes,0.75,0.85,0.93,1.0,,https://www.fmscout.com/a-guide-to-player-roles-in-football-manager.html
role_weights_v2.0,AML/AMR,Inside Forward,Attack,Decisions,3,0,3,important,no,,,,,,https://www.fmscout.com/a-guide-to-player-roles-in-football-manager.html
role_weights_v2.0,AML/AMR,Inside Forward,Attack,Dribbling,5,0,5,role-defining/core,yes,0.75,0.85,0.93,1.0,,https://www.fmscout.com/a-guide-to-player-roles-in-football-manager.html
role_weights_v2.0,AML/AMR,Inside Forward,Attack,Finishing,4,1,5,role-defining/core,yes,0.75,0.85,0.93,1.0,,https://www.fmscout.com/a-guide-to-player-roles-in-football-manager.html
role_weights_v2.0,AML/AMR,Inside Forward,Attack,First Touch,4,0,4,primary,no,,,,,,https://www.fmscout.com/a-guide-to-player-roles-in-football-manager.html
role_weights_v2.0,AML/AMR,Inside Forward,Attack,Flair,3,0,3,important,no,,,,,,https://www.fmscout.com/a-guide-to-player-roles-in-football-manager.html
role_weights_v2.0,AML/AMR,Inside Forward,Attack,Off The Ball,5,1,5,role-defining/core,yes,0.75,0.85,0.93,1.0,,https://www.fmscout.com/a-guide-to-player-roles-in-football-manager.html
role_weights_v2.0,AML/AMR,Inside Forward,Attack,Pace,4,0,4,primary,no,,,,,,https://www.fmscout.com/a-guide-to-player-roles-in-football-manager.html
role_weights_v2.0,AML/AMR,Inside Forward,Attack,Passing,2,0,2,useful,no,,,,,,https://www.fmscout.com/a-guide-to-player-roles-in-football-manager.html
role_weights_v2.0,AML/AMR,Inside Forward,Attack,Technique,4,0,4,primary,no,,,,,,https://www.fmscout.com/a-guide-to-player-roles-in-football-manager.html
role_weights_v2.0,AML/AMR,Inside Forward,Support,Acceleration,4,0,4,primary,no,,,,,,https://www.fmscout.com/a-guide-to-player-roles-in-football-manager.html
role_weights_v2.0,AML/AMR,Inside Forward,Support,Anticipation,3,0,3,important,no,,,,,,https://www.fmscout.com/a-guide-to-player-roles-in-football-manager.html
role_weights_v2.0,AML/AMR,Inside Forward,Support,Composure,4,0,4,primary,no,,,,,,https://www.fmscout.com/a-guide-to-player-roles-in-football-manager.html
role_weights_v2.0,AML/AMR,Inside Forward,Support,Decisions,3,1,4,primary,no,,,,,,https://www.fmscout.com/a-guide-to-player-roles-in-football-manager.html
role_weights_v2.0,AML/AMR,Inside Forward,Support,Dribbling,5,0,5,role-defining/core,yes,0.75,0.85,0.93,1.0,,https://www.fmscout.com/a-guide-to-player-roles-in-football-manager.html
role_weights_v2.0,AML/AMR,Inside Forward,Support,Finishing,4,0,4,primary,no,,,,,,https://www.fmscout.com/a-guide-to-player-roles-in-football-manager.html
role_weights_v2.0,AML/AMR,Inside Forward,Support,First Touch,4,0,4,primary,no,,,,,,https://www.fmscout.com/a-guide-to-player-roles-in-football-manager.html
role_weights_v2.0,AML/AMR,Inside Forward,Support,Flair,3,0,3,important,no,,,,,,https://www.fmscout.com/a-guide-to-player-roles-in-football-manager.html
role_weights_v2.0,AML/AMR,Inside Forward,Support,Off The Ball,5,0,5,role-defining/core,yes,0.75,0.85,0.93,1.0,,https://www.fmscout.com/a-guide-to-player-roles-in-football-manager.html
role_weights_v2.0,AML/AMR,Inside Forward,Support,Pace,4,0,4,primary,no,,,,,,https://www.fmscout.com/a-guide-to-player-roles-in-football-manager.html
role_weights_v2.0,AML/AMR,Inside Forward,Support,Passing,2,1,3,important,no,,,,,,https://www.fmscout.com/a-guide-to-player-roles-in-football-manager.html
role_weights_v2.0,AML/AMR,Inside Forward,Support,Technique,4,0,4,primary,no,,,,,,https://www.fmscout.com/a-guide-to-player-roles-in-football-manager.html
role_weights_v2.0,AML/AMR,Inside Forward,Support,Vision,0,1,1,marginal,no,,,,,,https://www.fmscout.com/a-guide-to-player-roles-in-football-manager.html
role_weights_v2.0,AML/AMR,Raumdeuter,Attack,Acceleration,4,0,4,primary,no,,,,,,https://www.fmscout.com/a-guide-to-player-roles-in-football-manager.html
role_weights_v2.0,AML/AMR,Raumdeuter,Attack,Anticipation,5,0,5,role-defining/core,yes,0.75,0.85,0.93,1.0,,https://www.fmscout.com/a-guide-to-player-roles-in-football-manager.html
role_weights_v2.0,AML/AMR,Raumdeuter,Attack,Composure,4,0,4,primary,no,,,,,,https://www.fmscout.com/a-guide-to-player-roles-in-football-manager.html
role_weights_v2.0,AML/AMR,Raumdeuter,Attack,Decisions,5,0,5,role-defining/core,yes,0.75,0.85,0.93,1.0,,https://www.fmscout.com/a-guide-to-player-roles-in-football-manager.html
role_weights_v2.0,AML/AMR,Raumdeuter,Attack,Finishing,4,0,4,primary,no,,,,,,https://www.fmscout.com/a-guide-to-player-roles-in-football-manager.html
role_weights_v2.0,AML/AMR,Raumdeuter,Attack,First Touch,3,0,3,important,no,,,,,,https://www.fmscout.com/a-guide-to-player-roles-in-football-manager.html
role_weights_v2.0,AML/AMR,Raumdeuter,Attack,Off The Ball,5,0,5,role-defining/core,yes,0.75,0.85,0.93,1.0,,https://www.fmscout.com/a-guide-to-player-roles-in-football-manager.html
role_weights_v2.0,AML/AMR,Raumdeuter,Attack,Pace,4,0,4,primary,no,,,,,,https://www.fmscout.com/a-guide-to-player-roles-in-football-manager.html
role_weights_v2.0,AML/AMR,Raumdeuter,Attack,Stamina,2,0,2,useful,no,,,,,,https://www.fmscout.com/a-guide-to-player-roles-in-football-manager.html
role_weights_v2.0,AML/AMR,Raumdeuter,Attack,Technique,2,0,2,useful,no,,,,,,https://www.fmscout.com/a-guide-to-player-roles-in-football-manager.html
role_weights_v2.0,DC,Ball-Playing Defender,Cover,Acceleration,0,1,1,marginal,no,,,,,,https://www.fmscout.com/a-guide-to-player-roles-in-football-manager.html
role_weights_v2.0,DC,Ball-Playing Defender,Cover,Anticipation,4,1,5,role-defining/core,yes,0.75,0.85,0.93,1.0,,https://www.fmscout.com/a-guide-to-player-roles-in-football-manager.html
role_weights_v2.0,DC,Ball-Playing Defender,Cover,Composure,4,0,4,primary,no,,,,,,https://www.fmscout.com/a-guide-to-player-roles-in-football-manager.html
role_weights_v2.0,DC,Ball-Playing Defender,Cover,Concentration,3,1,4,primary,no,,,,,,https://www.fmscout.com/a-guide-to-player-roles-in-football-manager.html
role_weights_v2.0,DC,Ball-Playing Defender,Cover,Decisions,4,0,4,primary,no,,,,,,https://www.fmscout.com/a-guide-to-player-roles-in-football-manager.html
role_weights_v2.0,DC,Ball-Playing Defender,Cover,First Touch,2,0,2,useful,no,,,,,,https://www.fmscout.com/a-guide-to-player-roles-in-football-manager.html
role_weights_v2.0,DC,Ball-Playing Defender,Cover,Heading,3,0,3,important,no,,,,,,https://www.fmscout.com/a-guide-to-player-roles-in-football-manager.html
role_weights_v2.0,DC,Ball-Playing Defender,Cover,Jumping Reach,3,0,3,important,no,,,,,,https://www.fmscout.com/a-guide-to-player-roles-in-football-manager.html
role_weights_v2.0,DC,Ball-Playing Defender,Cover,Marking,5,0,5,role-defining/core,yes,0.75,0.85,0.93,1.0,,https://www.fmscout.com/a-guide-to-player-roles-in-football-manager.html
role_weights_v2.0,DC,Ball-Playing Defender,Cover,Pace,2,1,3,important,no,,,,,,https://www.fmscout.com/a-guide-to-player-roles-in-football-manager.html
role_weights_v2.0,DC,Ball-Playing Defender,Cover,Passing,4,0,4,primary,no,,,,,,https://www.fmscout.com/a-guide-to-player-roles-in-football-manager.html
role_weights_v2.0,DC,Ball-Playing Defender,Cover,Positioning,5,1,5,role-defining/core,yes,0.75,0.85,0.93,1.0,,https://www.fmscout.com/a-guide-to-player-roles-in-football-manager.html
role_weights_v2.0,DC,Ball-Playing Defender,Cover,Strength,2,0,2,useful,no,,,,,,https://www.fmscout.com/a-guide-to-player-roles-in-football-manager.html
role_weights_v2.0,DC,Ball-Playing Defender,Cover,Tackling,4,0,4,primary,no,,,,,,https://www.fmscout.com/a-guide-to-player-roles-in-football-manager.html
role_weights_v2.0,DC,Ball-Playing Defender,Cover,Technique,3,0,3,important,no,,,,,,https://www.fmscout.com/a-guide-to-player-roles-in-football-manager.html
role_weights_v2.0,DC,Ball-Playing Defender,Cover,Vision,3,0,3,important,no,,,,,,https://www.fmscout.com/a-guide-to-player-roles-in-football-manager.html
role_weights_v2.0,DC,Ball-Playing Defender,Defend,Anticipation,4,0,4,primary,no,,,,,,https://www.fmscout.com/a-guide-to-player-roles-in-football-manager.html
role_weights_v2.0,DC,Ball-Playing Defender,Defend,Composure,4,0,4,primary,no,,,,,,https://www.fmscout.com/a-guide-to-player-roles-in-football-manager.html
role_weights_v2.0,DC,Ball-Playing Defender,Defend,Concentration,3,0,3,important,no,,,,,,https://www.fmscout.com/a-guide-to-player-roles-in-football-manager.html
role_weights_v2.0,DC,Ball-Playing Defender,Defend,Decisions,4,0,4,primary,no,,,,,,https://www.fmscout.com/a-guide-to-player-roles-in-football-manager.html
role_weights_v2.0,DC,Ball-Playing Defender,Defend,First Touch,2,0,2,useful,no,,,,,,https://www.fmscout.com/a-guide-to-player-roles-in-football-manager.html
role_weights_v2.0,DC,Ball-Playing Defender,Defend,Heading,3,0,3,important,no,,,,,,https://www.fmscout.com/a-guide-to-player-roles-in-football-manager.html
role_weights_v2.0,DC,Ball-Playing Defender,Defend,Jumping Reach,3,0,3,important,no,,,,,,https://www.fmscout.com/a-guide-to-player-roles-in-football-manager.html
role_weights_v2.0,DC,Ball-Playing Defender,Defend,Marking,5,0,5,role-defining/core,yes,0.75,0.85,0.93,1.0,,https://www.fmscout.com/a-guide-to-player-roles-in-football-manager.html
role_weights_v2.0,DC,Ball-Playing Defender,Defend,Pace,2,0,2,useful,no,,,,,,https://www.fmscout.com/a-guide-to-player-roles-in-football-manager.html
role_weights_v2.0,DC,Ball-Playing Defender,Defend,Passing,4,0,4,primary,no,,,,,,https://www.fmscout.com/a-guide-to-player-roles-in-football-manager.html
role_weights_v2.0,DC,Ball-Playing Defender,Defend,Positioning,5,0,5,role-defining/core,yes,0.75,0.85,0.93,1.0,,https://www.fmscout.com/a-guide-to-player-roles-in-football-manager.html
role_weights_v2.0,DC,Ball-Playing Defender,Defend,Strength,2,0,2,useful,no,,,,,,https://www.fmscout.com/a-guide-to-player-roles-in-football-manager.html
role_weights_v2.0,DC,Ball-Playing Defender,Defend,Tackling,4,0,4,primary,no,,,,,,https://www.fmscout.com/a-guide-to-player-roles-in-football-manager.html
role_weights_v2.0,DC,Ball-Playing Defender,Defend,Technique,3,0,3,important,no,,,,,,https://www.fmscout.com/a-guide-to-player-roles-in-football-manager.html
role_weights_v2.0,DC,Ball-Playing Defender,Defend,Vision,3,0,3,important,no,,,,,,https://www.fmscout.com/a-guide-to-player-roles-in-football-manager.html
role_weights_v2.0,DC,Ball-Playing Defender,Stopper,Aggression,0,1,1,marginal,no,,,,,,https://www.fmscout.com/a-guide-to-player-roles-in-football-manager.html
role_weights_v2.0,DC,Ball-Playing Defender,Stopper,Anticipation,4,1,5,role-defining/core,yes,0.75,0.85,0.93,1.0,,https://www.fmscout.com/a-guide-to-player-roles-in-football-manager.html
role_weights_v2.0,DC,Ball-Playing Defender,Stopper,Bravery,0,1,1,marginal,no,,,,,,https://www.fmscout.com/a-guide-to-player-roles-in-football-manager.html
role_weights_v2.0,DC,Ball-Playing Defender,Stopper,Composure,4,0,4,primary,no,,,,,,https://www.fmscout.com/a-guide-to-player-roles-in-football-manager.html
role_weights_v2.0,DC,Ball-Playing Defender,Stopper,Concentration,3,0,3,important,no,,,,,,https://www.fmscout.com/a-guide-to-player-roles-in-football-manager.html
role_weights_v2.0,DC,Ball-Playing Defender,Stopper,Decisions,4,0,4,primary,no,,,,,,https://www.fmscout.com/a-guide-to-player-roles-in-football-manager.html
role_weights_v2.0,DC,Ball-Playing Defender,Stopper,First Touch,2,0,2,useful,no,,,,,,https://www.fmscout.com/a-guide-to-player-roles-in-football-manager.html
role_weights_v2.0,DC,Ball-Playing Defender,Stopper,Heading,3,0,3,important,no,,,,,,https://www.fmscout.com/a-guide-to-player-roles-in-football-manager.html
role_weights_v2.0,DC,Ball-Playing Defender,Stopper,Jumping Reach,3,0,3,important,no,,,,,,https://www.fmscout.com/a-guide-to-player-roles-in-football-manager.html
role_weights_v2.0,DC,Ball-Playing Defender,Stopper,Marking,5,0,5,role-defining/core,yes,0.75,0.85,0.93,1.0,,https://www.fmscout.com/a-guide-to-player-roles-in-football-manager.html
role_weights_v2.0,DC,Ball-Playing Defender,Stopper,Pace,2,0,2,useful,no,,,,,,https://www.fmscout.com/a-guide-to-player-roles-in-football-manager.html
role_weights_v2.0,DC,Ball-Playing Defender,Stopper,Passing,4,0,4,primary,no,,,,,,https://www.fmscout.com/a-guide-to-player-roles-in-football-manager.html
role_weights_v2.0,DC,Ball-Playing Defender,Stopper,Positioning,5,0,5,role-defining/core,yes,0.75,0.85,0.93,1.0,,https://www.fmscout.com/a-guide-to-player-roles-in-football-manager.html
role_weights_v2.0,DC,Ball-Playing Defender,Stopper,Strength,2,1,3,important,no,,,,,,https://www.fmscout.com/a-guide-to-player-roles-in-football-manager.html
role_weights_v2.0,DC,Ball-Playing Defender,Stopper,Tackling,4,1,5,role-defining/core,yes,0.75,0.85,0.93,1.0,,https://www.fmscout.com/a-guide-to-player-roles-in-football-manager.html
role_weights_v2.0,DC,Ball-Playing Defender,Stopper,Technique,3,0,3,important,no,,,,,,https://www.fmscout.com/a-guide-to-player-roles-in-football-manager.html
role_weights_v2.0,DC,Ball-Playing Defender,Stopper,Vision,3,0,3,important,no,,,,,,https://www.fmscout.com/a-guide-to-player-roles-in-football-manager.html
role_weights_v2.0,DC,Central Defender,Cover,Acceleration,0,1,1,marginal,no,,,,,,https://www.fmscout.com/a-guide-to-player-roles-in-football-manager.html
role_weights_v2.0,DC,Central Defender,Cover,Anticipation,4,1,5,role-defining/core,yes,0.75,0.85,0.93,1.0,,https://www.fmscout.com/a-guide-to-player-roles-in-football-manager.html
role_weights_v2.0,DC,Central Defender,Cover,Bravery,3,0,3,important,no,,,,,,https://www.fmscout.com/a-guide-to-player-roles-in-football-manager.html
role_weights_v2.0,DC,Central Defender,Cover,Composure,2,0,2,useful,no,,,,,,https://www.fmscout.com/a-guide-to-player-roles-in-football-manager.html
role_weights_v2.0,DC,Central Defender,Cover,Concentration,4,1,5,role-defining/core,yes,0.75,0.85,0.93,1.0,,https://www.fmscout.com/a-guide-to-player-roles-in-football-manager.html
role_weights_v2.0,DC,Central Defender,Cover,Decisions,3,0,3,important,no,,,,,,https://www.fmscout.com/a-guide-to-player-roles-in-football-manager.html
role_weights_v2.0,DC,Central Defender,Cover,Heading,4,0,4,primary,no,,,,,,https://www.fmscout.com/a-guide-to-player-roles-in-football-manager.html
role_weights_v2.0,DC,Central Defender,Cover,Jumping Reach,4,0,4,primary,no,,,,,,https://www.fmscout.com/a-guide-to-player-roles-in-football-manager.html
role_weights_v2.0,DC,Central Defender,Cover,Marking,5,0,5,role-defining/core,yes,0.75,0.85,0.93,1.0,,https://www.fmscout.com/a-guide-to-player-roles-in-football-manager.html
role_weights_v2.0,DC,Central Defender,Cover,Pace,2,1,3,important,no,,,,,,https://www.fmscout.com/a-guide-to-player-roles-in-football-manager.html
role_weights_v2.0,DC,Central Defender,Cover,Positioning,5,1,5,role-defining/core,yes,0.75,0.85,0.93,1.0,,https://www.fmscout.com/a-guide-to-player-roles-in-football-manager.html
role_weights_v2.0,DC,Central Defender,Cover,Strength,3,0,3,important,no,,,,,,https://www.fmscout.com/a-guide-to-player-roles-in-football-manager.html
role_weights_v2.0,DC,Central Defender,Cover,Tackling,5,0,5,role-defining/core,yes,0.75,0.85,0.93,1.0,,https://www.fmscout.com/a-guide-to-player-roles-in-football-manager.html
role_weights_v2.0,DC,Central Defender,Defend,Anticipation,4,0,4,primary,no,,,,,,https://www.fmscout.com/a-guide-to-player-roles-in-football-manager.html
role_weights_v2.0,DC,Central Defender,Defend,Bravery,3,0,3,important,no,,,,,,https://www.fmscout.com/a-guide-to-player-roles-in-football-manager.html
role_weights_v2.0,DC,Central Defender,Defend,Composure,2,0,2,useful,no,,,,,,https://www.fmscout.com/a-guide-to-player-roles-in-football-manager.html
role_weights_v2.0,DC,Central Defender,Defend,Concentration,4,0,4,primary,no,,,,,,https://www.fmscout.com/a-guide-to-player-roles-in-football-manager.html
role_weights_v2.0,DC,Central Defender,Defend,Decisions,3,0,3,important,no,,,,,,https://www.fmscout.com/a-guide-to-player-roles-in-football-manager.html
role_weights_v2.0,DC,Central Defender,Defend,Heading,4,0,4,primary,no,,,,,,https://www.fmscout.com/a-guide-to-player-roles-in-football-manager.html
role_weights_v2.0,DC,Central Defender,Defend,Jumping Reach,4,0,4,primary,no,,,,,,https://www.fmscout.com/a-guide-to-player-roles-in-football-manager.html
role_weights_v2.0,DC,Central Defender,Defend,Marking,5,0,5,role-defining/core,yes,0.75,0.85,0.93,1.0,,https://www.fmscout.com/a-guide-to-player-roles-in-football-manager.html
role_weights_v2.0,DC,Central Defender,Defend,Pace,2,0,2,useful,no,,,,,,https://www.fmscout.com/a-guide-to-player-roles-in-football-manager.html
role_weights_v2.0,DC,Central Defender,Defend,Positioning,5,0,5,role-defining/core,yes,0.75,0.85,0.93,1.0,,https://www.fmscout.com/a-guide-to-player-roles-in-football-manager.html
role_weights_v2.0,DC,Central Defender,Defend,Strength,3,0,3,important,no,,,,,,https://www.fmscout.com/a-guide-to-player-roles-in-football-manager.html
role_weights_v2.0,DC,Central Defender,Defend,Tackling,5,0,5,role-defining/core,yes,0.75,0.85,0.93,1.0,,https://www.fmscout.com/a-guide-to-player-roles-in-football-manager.html
role_weights_v2.0,DC,Central Defender,Stopper,Aggression,0,1,1,marginal,no,,,,,,https://www.fmscout.com/a-guide-to-player-roles-in-football-manager.html
role_weights_v2.0,DC,Central Defender,Stopper,Anticipation,4,1,5,role-defining/core,yes,0.75,0.85,0.93,1.0,,https://www.fmscout.com/a-guide-to-player-roles-in-football-manager.html
role_weights_v2.0,DC,Central Defender,Stopper,Bravery,3,1,4,primary,no,,,,,,https://www.fmscout.com/a-guide-to-player-roles-in-football-manager.html
role_weights_v2.0,DC,Central Defender,Stopper,Composure,2,0,2,useful,no,,,,,,https://www.fmscout.com/a-guide-to-player-roles-in-football-manager.html
role_weights_v2.0,DC,Central Defender,Stopper,Concentration,4,0,4,primary,no,,,,,,https://www.fmscout.com/a-guide-to-player-roles-in-football-manager.html
role_weights_v2.0,DC,Central Defender,Stopper,Decisions,3,0,3,important,no,,,,,,https://www.fmscout.com/a-guide-to-player-roles-in-football-manager.html
role_weights_v2.0,DC,Central Defender,Stopper,Heading,4,0,4,primary,no,,,,,,https://www.fmscout.com/a-guide-to-player-roles-in-football-manager.html
role_weights_v2.0,DC,Central Defender,Stopper,Jumping Reach,4,0,4,primary,no,,,,,,https://www.fmscout.com/a-guide-to-player-roles-in-football-manager.html
role_weights_v2.0,DC,Central Defender,Stopper,Marking,5,0,5,role-defining/core,yes,0.75,0.85,0.93,1.0,,https://www.fmscout.com/a-guide-to-player-roles-in-football-manager.html
role_weights_v2.0,DC,Central Defender,Stopper,Pace,2,0,2,useful,no,,,,,,https://www.fmscout.com/a-guide-to-player-roles-in-football-manager.html
role_weights_v2.0,DC,Central Defender,Stopper,Positioning,5,0,5,role-defining/core,yes,0.75,0.85,0.93,1.0,,https://www.fmscout.com/a-guide-to-player-roles-in-football-manager.html
role_weights_v2.0,DC,Central Defender,Stopper,Strength,3,1,4,primary,no,,,,,,https://www.fmscout.com/a-guide-to-player-roles-in-football-manager.html
role_weights_v2.0,DC,Central Defender,Stopper,Tackling,5,1,5,role-defining/core,yes,0.75,0.85,0.93,1.0,,https://www.fmscout.com/a-guide-to-player-roles-in-football-manager.html
role_weights_v2.0,DC,Libero,Attack,Acceleration,3,1,4,primary,no,,,,,,https://www.fmscout.com/a-guide-to-player-roles-in-football-manager.html
role_weights_v2.0,DC,Libero,Attack,Anticipation,4,0,4,primary,no,,,,,,https://www.fmscout.com/a-guide-to-player-roles-in-football-manager.html
role_weights_v2.0,DC,Libero,Attack,Composure,4,0,4,primary,no,,,,,,https://www.fmscout.com/a-guide-to-player-roles-in-football-manager.html
role_weights_v2.0,DC,Libero,Attack,Decisions,4,0,4,primary,no,,,,,,https://www.fmscout.com/a-guide-to-player-roles-in-football-manager.html
role_weights_v2.0,DC,Libero,Attack,Dribbling,3,1,4,primary,no,,,,,,https://www.fmscout.com/a-guide-to-player-roles-in-football-manager.html
role_weights_v2.0,DC,Libero,Attack,First Touch,4,0,4,primary,no,,,,,,https://www.fmscout.com/a-guide-to-player-roles-in-football-manager.html
role_weights_v2.0,DC,Libero,Attack,Long Shots,0,1,1,marginal,no,,,,,,https://www.fmscout.com/a-guide-to-player-roles-in-football-manager.html
role_weights_v2.0,DC,Libero,Attack,Marking,3,0,3,important,no,,,,,,https://www.fmscout.com/a-guide-to-player-roles-in-football-manager.html
role_weights_v2.0,DC,Libero,Attack,Off The Ball,0,1,1,marginal,no,,,,,,https://www.fmscout.com/a-guide-to-player-roles-in-football-manager.html
role_weights_v2.0,DC,Libero,Attack,Pace,3,0,3,important,no,,,,,,https://www.fmscout.com/a-guide-to-player-roles-in-football-manager.html
role_weights_v2.0,DC,Libero,Attack,Passing,5,0,5,role-defining/core,yes,0.75,0.85,0.93,1.0,,https://www.fmscout.com/a-guide-to-player-roles-in-football-manager.html
role_weights_v2.0,DC,Libero,Attack,Positioning,4,0,4,primary,no,,,,,,https://www.fmscout.com/a-guide-to-player-roles-in-football-manager.html
role_weights_v2.0,DC,Libero,Attack,Stamina,3,0,3,important,no,,,,,,https://www.fmscout.com/a-guide-to-player-roles-in-football-manager.html
role_weights_v2.0,DC,Libero,Attack,Tackling,3,0,3,important,no,,,,,,https://www.fmscout.com/a-guide-to-player-roles-in-football-manager.html
role_weights_v2.0,DC,Libero,Attack,Teamwork,3,0,3,important,no,,,,,,https://www.fmscout.com/a-guide-to-player-roles-in-football-manager.html
role_weights_v2.0,DC,Libero,Attack,Technique,4,1,5,role-defining/core,yes,0.75,0.85,0.93,1.0,,https://www.fmscout.com/a-guide-to-player-roles-in-football-manager.html
role_weights_v2.0,DC,Libero,Attack,Vision,4,0,4,primary,no,,,,,,https://www.fmscout.com/a-guide-to-player-roles-in-football-manager.html
role_weights_v2.0,DC,Libero,Support,Acceleration,3,0,3,important,no,,,,,,https://www.fmscout.com/a-guide-to-player-roles-in-football-manager.html
role_weights_v2.0,DC,Libero,Support,Anticipation,4,0,4,primary,no,,,,,,https://www.fmscout.com/a-guide-to-player-roles-in-football-manager.html
role_weights_v2.0,DC,Libero,Support,Composure,4,0,4,primary,no,,,,,,https://www.fmscout.com/a-guide-to-player-roles-in-football-manager.html
role_weights_v2.0,DC,Libero,Support,Decisions,4,1,5,role-defining/core,yes,0.75,0.85,0.93,1.0,,https://www.fmscout.com/a-guide-to-player-roles-in-football-manager.html
role_weights_v2.0,DC,Libero,Support,Dribbling,3,0,3,important,no,,,,,,https://www.fmscout.com/a-guide-to-player-roles-in-football-manager.html
role_weights_v2.0,DC,Libero,Support,First Touch,4,0,4,primary,no,,,,,,https://www.fmscout.com/a-guide-to-player-roles-in-football-manager.html
role_weights_v2.0,DC,Libero,Support,Marking,3,0,3,important,no,,,,,,https://www.fmscout.com/a-guide-to-player-roles-in-football-manager.html
role_weights_v2.0,DC,Libero,Support,Pace,3,0,3,important,no,,,,,,https://www.fmscout.com/a-guide-to-player-roles-in-football-manager.html
role_weights_v2.0,DC,Libero,Support,Passing,5,1,5,role-defining/core,yes,0.75,0.85,0.93,1.0,,https://www.fmscout.com/a-guide-to-player-roles-in-football-manager.html
role_weights_v2.0,DC,Libero,Support,Positioning,4,1,5,role-defining/core,yes,0.75,0.85,0.93,1.0,,https://www.fmscout.com/a-guide-to-player-roles-in-football-manager.html
role_weights_v2.0,DC,Libero,Support,Stamina,3,0,3,important,no,,,,,,https://www.fmscout.com/a-guide-to-player-roles-in-football-manager.html
role_weights_v2.0,DC,Libero,Support,Tackling,3,0,3,important,no,,,,,,https://www.fmscout.com/a-guide-to-player-roles-in-football-manager.html
role_weights_v2.0,DC,Libero,Support,Teamwork,3,0,3,important,no,,,,,,https://www.fmscout.com/a-guide-to-player-roles-in-football-manager.html
role_weights_v2.0,DC,Libero,Support,Technique,4,0,4,primary,no,,,,,,https://www.fmscout.com/a-guide-to-player-roles-in-football-manager.html
role_weights_v2.0,DC,Libero,Support,Vision,4,1,5,role-defining/core,yes,0.75,0.85,0.93,1.0,,https://www.fmscout.com/a-guide-to-player-roles-in-football-manager.html
role_weights_v2.0,DC,No-Nonsense Centre-Back,Cover,Acceleration,0,1,1,marginal,no,,,,,,https://www.fmscout.com/a-guide-to-player-roles-in-football-manager.html
role_weights_v2.0,DC,No-Nonsense Centre-Back,Cover,Aggression,3,0,3,important,no,,,,,,https://www.fmscout.com/a-guide-to-player-roles-in-football-manager.html
role_weights_v2.0,DC,No-Nonsense Centre-Back,Cover,Anticipation,3,1,4,primary,no,,,,,,https://www.fmscout.com/a-guide-to-player-roles-in-football-manager.html
role_weights_v2.0,DC,No-Nonsense Centre-Back,Cover,Bravery,4,0,4,primary,no,,,,,,https://www.fmscout.com/a-guide-to-player-roles-in-football-manager.html
role_weights_v2.0,DC,No-Nonsense Centre-Back,Cover,Concentration,4,1,5,role-defining/core,yes,0.75,0.85,0.93,1.0,,https://www.fmscout.com/a-guide-to-player-roles-in-football-manager.html
role_weights_v2.0,DC,No-Nonsense Centre-Back,Cover,Decisions,2,0,2,useful,no,,,,,,https://www.fmscout.com/a-guide-to-player-roles-in-football-manager.html
role_weights_v2.0,DC,No-Nonsense Centre-Back,Cover,Heading,5,0,5,role-defining/core,yes,0.75,0.85,0.93,1.0,,https://www.fmscout.com/a-guide-to-player-roles-in-football-manager.html
role_weights_v2.0,DC,No-Nonsense Centre-Back,Cover,Jumping Reach,4,0,4,primary,no,,,,,,https://www.fmscout.com/a-guide-to-player-roles-in-football-manager.html
role_weights_v2.0,DC,No-Nonsense Centre-Back,Cover,Marking,5,0,5,role-defining/core,yes,0.75,0.85,0.93,1.0,,https://www.fmscout.com/a-guide-to-player-roles-in-football-manager.html
role_weights_v2.0,DC,No-Nonsense Centre-Back,Cover,Pace,2,1,3,important,no,,,,,,https://www.fmscout.com/a-guide-to-player-roles-in-football-manager.html
role_weights_v2.0,DC,No-Nonsense Centre-Back,Cover,Positioning,5,1,5,role-defining/core,yes,0.75,0.85,0.93,1.0,,https://www.fmscout.com/a-guide-to-player-roles-in-football-manager.html
role_weights_v2.0,DC,No-Nonsense Centre-Back,Cover,Strength,4,0,4,primary,no,,,,,,https://www.fmscout.com/a-guide-to-player-roles-in-football-manager.html
role_weights_v2.0,DC,No-Nonsense Centre-Back,Cover,Tackling,5,0,5,role-defining/core,yes,0.75,0.85,0.93,1.0,,https://www.fmscout.com/a-guide-to-player-roles-in-football-manager.html
role_weights_v2.0,DC,No-Nonsense Centre-Back,Defend,Aggression,3,0,3,important,no,,,,,,https://www.fmscout.com/a-guide-to-player-roles-in-football-manager.html
role_weights_v2.0,DC,No-Nonsense Centre-Back,Defend,Anticipation,3,0,3,important,no,,,,,,https://www.fmscout.com/a-guide-to-player-roles-in-football-manager.html
role_weights_v2.0,DC,No-Nonsense Centre-Back,Defend,Bravery,4,0,4,primary,no,,,,,,https://www.fmscout.com/a-guide-to-player-roles-in-football-manager.html
role_weights_v2.0,DC,No-Nonsense Centre-Back,Defend,Concentration,4,0,4,primary,no,,,,,,https://www.fmscout.com/a-guide-to-player-roles-in-football-manager.html
role_weights_v2.0,DC,No-Nonsense Centre-Back,Defend,Decisions,2,0,2,useful,no,,,,,,https://www.fmscout.com/a-guide-to-player-roles-in-football-manager.html
role_weights_v2.0,DC,No-Nonsense Centre-Back,Defend,Heading,5,0,5,role-defining/core,yes,0.75,0.85,0.93,1.0,,https://www.fmscout.com/a-guide-to-player-roles-in-football-manager.html
role_weights_v2.0,DC,No-Nonsense Centre-Back,Defend,Jumping Reach,4,0,4,primary,no,,,,,,https://www.fmscout.com/a-guide-to-player-roles-in-football-manager.html
role_weights_v2.0,DC,No-Nonsense Centre-Back,Defend,Marking,5,0,5,role-defining/core,yes,0.75,0.85,0.93,1.0,,https://www.fmscout.com/a-guide-to-player-roles-in-football-manager.html
role_weights_v2.0,DC,No-Nonsense Centre-Back,Defend,Pace,2,0,2,useful,no,,,,,,https://www.fmscout.com/a-guide-to-player-roles-in-football-manager.html
role_weights_v2.0,DC,No-Nonsense Centre-Back,Defend,Positioning,5,0,5,role-defining/core,yes,0.75,0.85,0.93,1.0,,https://www.fmscout.com/a-guide-to-player-roles-in-football-manager.html
role_weights_v2.0,DC,No-Nonsense Centre-Back,Defend,Strength,4,0,4,primary,no,,,,,,https://www.fmscout.com/a-guide-to-player-roles-in-football-manager.html
role_weights_v2.0,DC,No-Nonsense Centre-Back,Defend,Tackling,5,0,5,role-defining/core,yes,0.75,0.85,0.93,1.0,,https://www.fmscout.com/a-guide-to-player-roles-in-football-manager.html
role_weights_v2.0,DC,No-Nonsense Centre-Back,Stopper,Aggression,3,1,4,primary,no,,,,,,https://www.fmscout.com/a-guide-to-player-roles-in-football-manager.html
role_weights_v2.0,DC,No-Nonsense Centre-Back,Stopper,Anticipation,3,1,4,primary,no,,,,,,https://www.fmscout.com/a-guide-to-player-roles-in-football-manager.html
role_weights_v2.0,DC,No-Nonsense Centre-Back,Stopper,Bravery,4,1,5,role-defining/core,yes,0.75,0.85,0.93,1.0,,https://www.fmscout.com/a-guide-to-player-roles-in-football-manager.html
role_weights_v2.0,DC,No-Nonsense Centre-Back,Stopper,Concentration,4,0,4,primary,no,,,,,,https://www.fmscout.com/a-guide-to-player-roles-in-football-manager.html
role_weights_v2.0,DC,No-Nonsense Centre-Back,Stopper,Decisions,2,0,2,useful,no,,,,,,https://www.fmscout.com/a-guide-to-player-roles-in-football-manager.html
role_weights_v2.0,DC,No-Nonsense Centre-Back,Stopper,Heading,5,0,5,role-defining/core,yes,0.75,0.85,0.93,1.0,,https://www.fmscout.com/a-guide-to-player-roles-in-football-manager.html
role_weights_v2.0,DC,No-Nonsense Centre-Back,Stopper,Jumping Reach,4,0,4,primary,no,,,,,,https://www.fmscout.com/a-guide-to-player-roles-in-football-manager.html
role_weights_v2.0,DC,No-Nonsense Centre-Back,Stopper,Marking,5,0,5,role-defining/core,yes,0.75,0.85,0.93,1.0,,https://www.fmscout.com/a-guide-to-player-roles-in-football-manager.html
role_weights_v2.0,DC,No-Nonsense Centre-Back,Stopper,Pace,2,0,2,useful,no,,,,,,https://www.fmscout.com/a-guide-to-player-roles-in-football-manager.html
role_weights_v2.0,DC,No-Nonsense Centre-Back,Stopper,Positioning,5,0,5,role-defining/core,yes,0.75,0.85,0.93,1.0,,https://www.fmscout.com/a-guide-to-player-roles-in-football-manager.html
role_weights_v2.0,DC,No-Nonsense Centre-Back,Stopper,Strength,4,1,5,role-defining/core,yes,0.75,0.85,0.93,1.0,,https://www.fmscout.com/a-guide-to-player-roles-in-football-manager.html
role_weights_v2.0,DC,No-Nonsense Centre-Back,Stopper,Tackling,5,1,5,role-defining/core,yes,0.75,0.85,0.93,1.0,,https://www.fmscout.com/a-guide-to-player-roles-in-football-manager.html
role_weights_v2.0,DL/DR,Full Back,Attack,Acceleration,3,1,4,primary,no,,,,,,https://www.fmscout.com/a-guide-to-player-roles-in-football-manager.html
role_weights_v2.0,DL/DR,Full Back,Attack,Anticipation,3,0,3,important,no,,,,,,https://www.fmscout.com/a-guide-to-player-roles-in-football-manager.html
role_weights_v2.0,DL/DR,Full Back,Attack,Crossing,3,1,4,primary,no,,,,,,https://www.fmscout.com/a-guide-to-player-roles-in-football-manager.html
role_weights_v2.0,DL/DR,Full Back,Attack,Decisions,3,0,3,important,no,,,,,,https://www.fmscout.com/a-guide-to-player-roles-in-football-manager.html
role_weights_v2.0,DL/DR,Full Back,Attack,Dribbling,0,1,1,marginal,no,,,,,,https://www.fmscout.com/a-guide-to-player-roles-in-football-manager.html
role_weights_v2.0,DL/DR,Full Back,Attack,Marking,4,0,4,primary,no,,,,,,https://www.fmscout.com/a-guide-to-player-roles-in-football-manager.html
role_weights_v2.0,DL/DR,Full Back,Attack,Off The Ball,0,1,1,marginal,no,,,,,,https://www.fmscout.com/a-guide-to-player-roles-in-football-manager.html
role_weights_v2.0,DL/DR,Full Back,Attack,Pace,3,1,4,primary,no,,,,,,https://www.fmscout.com/a-guide-to-player-roles-in-football-manager.html
role_weights_v2.0,DL/DR,Full Back,Attack,Passing,2,0,2,useful,no,,,,,,https://www.fmscout.com/a-guide-to-player-roles-in-football-manager.html
role_weights_v2.0,DL/DR,Full Back,Attack,Positioning,4,0,4,primary,no,,,,,,https://www.fmscout.com/a-guide-to-player-roles-in-football-manager.html
role_weights_v2.0,DL/DR,Full Back,Attack,Stamina,4,0,4,primary,no,,,,,,https://www.fmscout.com/a-guide-to-player-roles-in-football-manager.html
role_weights_v2.0,DL/DR,Full Back,Attack,Tackling,4,0,4,primary,no,,,,,,https://www.fmscout.com/a-guide-to-player-roles-in-football-manager.html
role_weights_v2.0,DL/DR,Full Back,Attack,Teamwork,3,0,3,important,no,,,,,,https://www.fmscout.com/a-guide-to-player-roles-in-football-manager.html
role_weights_v2.0,DL/DR,Full Back,Attack,Work Rate,4,0,4,primary,no,,,,,,https://www.fmscout.com/a-guide-to-player-roles-in-football-manager.html
role_weights_v2.0,DL/DR,Full Back,Defend,Acceleration,3,0,3,important,no,,,,,,https://www.fmscout.com/a-guide-to-player-roles-in-football-manager.html
role_weights_v2.0,DL/DR,Full Back,Defend,Anticipation,3,0,3,important,no,,,,,,https://www.fmscout.com/a-guide-to-player-roles-in-football-manager.html
role_weights_v2.0,DL/DR,Full Back,Defend,Concentration,0,1,1,marginal,no,,,,,,https://www.fmscout.com/a-guide-to-player-roles-in-football-manager.html
role_weights_v2.0,DL/DR,Full Back,Defend,Crossing,3,0,3,important,no,,,,,,https://www.fmscout.com/a-guide-to-player-roles-in-football-manager.html
role_weights_v2.0,DL/DR,Full Back,Defend,Decisions,3,0,3,important,no,,,,,,https://www.fmscout.com/a-guide-to-player-roles-in-football-manager.html
role_weights_v2.0,DL/DR,Full Back,Defend,Marking,4,1,5,role-defining/core,yes,0.75,0.85,0.93,1.0,,https://www.fmscout.com/a-guide-to-player-roles-in-football-manager.html
role_weights_v2.0,DL/DR,Full Back,Defend,Pace,3,0,3,important,no,,,,,,https://www.fmscout.com/a-guide-to-player-roles-in-football-manager.html
role_weights_v2.0,DL/DR,Full Back,Defend,Passing,2,0,2,useful,no,,,,,,https://www.fmscout.com/a-guide-to-player-roles-in-football-manager.html
role_weights_v2.0,DL/DR,Full Back,Defend,Positioning,4,1,5,role-defining/core,yes,0.75,0.85,0.93,1.0,,https://www.fmscout.com/a-guide-to-player-roles-in-football-manager.html
role_weights_v2.0,DL/DR,Full Back,Defend,Stamina,4,0,4,primary,no,,,,,,https://www.fmscout.com/a-guide-to-player-roles-in-football-manager.html
role_weights_v2.0,DL/DR,Full Back,Defend,Tackling,4,1,5,role-defining/core,yes,0.75,0.85,0.93,1.0,,https://www.fmscout.com/a-guide-to-player-roles-in-football-manager.html
role_weights_v2.0,DL/DR,Full Back,Defend,Teamwork,3,0,3,important,no,,,,,,https://www.fmscout.com/a-guide-to-player-roles-in-football-manager.html
role_weights_v2.0,DL/DR,Full Back,Defend,Work Rate,4,0,4,primary,no,,,,,,https://www.fmscout.com/a-guide-to-player-roles-in-football-manager.html
role_weights_v2.0,DL/DR,Full Back,Support,Acceleration,3,0,3,important,no,,,,,,https://www.fmscout.com/a-guide-to-player-roles-in-football-manager.html
role_weights_v2.0,DL/DR,Full Back,Support,Anticipation,3,0,3,important,no,,,,,,https://www.fmscout.com/a-guide-to-player-roles-in-football-manager.html
role_weights_v2.0,DL/DR,Full Back,Support,Crossing,3,0,3,important,no,,,,,,https://www.fmscout.com/a-guide-to-player-roles-in-football-manager.html
role_weights_v2.0,DL/DR,Full Back,Support,Decisions,3,1,4,primary,no,,,,,,https://www.fmscout.com/a-guide-to-player-roles-in-football-manager.html
role_weights_v2.0,DL/DR,Full Back,Support,Marking,4,0,4,primary,no,,,,,,https://www.fmscout.com/a-guide-to-player-roles-in-football-manager.html
role_weights_v2.0,DL/DR,Full Back,Support,Pace,3,0,3,important,no,,,,,,https://www.fmscout.com/a-guide-to-player-roles-in-football-manager.html
role_weights_v2.0,DL/DR,Full Back,Support,Passing,2,1,3,important,no,,,,,,https://www.fmscout.com/a-guide-to-player-roles-in-football-manager.html
role_weights_v2.0,DL/DR,Full Back,Support,Positioning,4,0,4,primary,no,,,,,,https://www.fmscout.com/a-guide-to-player-roles-in-football-manager.html
role_weights_v2.0,DL/DR,Full Back,Support,Stamina,4,0,4,primary,no,,,,,,https://www.fmscout.com/a-guide-to-player-roles-in-football-manager.html
role_weights_v2.0,DL/DR,Full Back,Support,Tackling,4,0,4,primary,no,,,,,,https://www.fmscout.com/a-guide-to-player-roles-in-football-manager.html
role_weights_v2.0,DL/DR,Full Back,Support,Teamwork,3,1,4,primary,no,,,,,,https://www.fmscout.com/a-guide-to-player-roles-in-football-manager.html
role_weights_v2.0,DL/DR,Full Back,Support,Work Rate,4,0,4,primary,no,,,,,,https://www.fmscout.com/a-guide-to-player-roles-in-football-manager.html
role_weights_v2.0,DL/DR,No-Nonsense Full Back,Defend,Anticipation,4,0,4,primary,no,,,,,,https://www.fmscout.com/a-guide-to-player-roles-in-football-manager.html
role_weights_v2.0,DL/DR,No-Nonsense Full Back,Defend,Bravery,3,0,3,important,no,,,,,,https://www.fmscout.com/a-guide-to-player-roles-in-football-manager.html
role_weights_v2.0,DL/DR,No-Nonsense Full Back,Defend,Concentration,4,0,4,primary,no,,,,,,https://www.fmscout.com/a-guide-to-player-roles-in-football-manager.html
role_weights_v2.0,DL/DR,No-Nonsense Full Back,Defend,Heading,3,0,3,important,no,,,,,,https://www.fmscout.com/a-guide-to-player-roles-in-football-manager.html
role_weights_v2.0,DL/DR,No-Nonsense Full Back,Defend,Marking,5,0,5,role-defining/core,yes,0.75,0.85,0.93,1.0,,https://www.fmscout.com/a-guide-to-player-roles-in-football-manager.html
role_weights_v2.0,DL/DR,No-Nonsense Full Back,Defend,Pace,2,0,2,useful,no,,,,,,https://www.fmscout.com/a-guide-to-player-roles-in-football-manager.html
role_weights_v2.0,DL/DR,No-Nonsense Full Back,Defend,Positioning,5,0,5,role-defining/core,yes,0.75,0.85,0.93,1.0,,https://www.fmscout.com/a-guide-to-player-roles-in-football-manager.html
role_weights_v2.0,DL/DR,No-Nonsense Full Back,Defend,Strength,3,0,3,important,no,,,,,,https://www.fmscout.com/a-guide-to-player-roles-in-football-manager.html
role_weights_v2.0,DL/DR,No-Nonsense Full Back,Defend,Tackling,5,0,5,role-defining/core,yes,0.75,0.85,0.93,1.0,,https://www.fmscout.com/a-guide-to-player-roles-in-football-manager.html
role_weights_v2.0,DL/DR,No-Nonsense Full Back,Defend,Teamwork,2,0,2,useful,no,,,,,,https://www.fmscout.com/a-guide-to-player-roles-in-football-manager.html
role_weights_v2.0,DL/DR,No-Nonsense Full Back,Defend,Work Rate,3,0,3,important,no,,,,,,https://www.fmscout.com/a-guide-to-player-roles-in-football-manager.html
role_weights_v2.0,DL/DR/WBL/WBR,Complete Wing Back,Attack,Acceleration,4,1,5,role-defining/core,yes,0.75,0.85,0.93,1.0,,https://www.fmscout.com/a-guide-to-player-roles-in-football-manager.html
role_weights_v2.0,DL/DR/WBL/WBR,Complete Wing Back,Attack,Agility,3,0,3,important,no,,,,,,https://www.fmscout.com/a-guide-to-player-roles-in-football-manager.html
role_weights_v2.0,DL/DR/WBL/WBR,Complete Wing Back,Attack,Crossing,5,1,5,role-defining/core,yes,0.75,0.85,0.93,1.0,,https://www.fmscout.com/a-guide-to-player-roles-in-football-manager.html
role_weights_v2.0,DL/DR/WBL/WBR,Complete Wing Back,Attack,Decisions,3,0,3,important,no,,,,,,https://www.fmscout.com/a-guide-to-player-roles-in-football-manager.html
role_weights_v2.0,DL/DR/WBL/WBR,Complete Wing Back,Attack,Dribbling,4,1,5,role-defining/core,yes,0.75,0.85,0.93,1.0,,https://www.fmscout.com/a-guide-to-player-roles-in-football-manager.html
role_weights_v2.0,DL/DR/WBL/WBR,Complete Wing Back,Attack,First Touch,3,0,3,important,no,,,,,,https://www.fmscout.com/a-guide-to-player-roles-in-football-manager.html
role_weights_v2.0,DL/DR/WBL/WBR,Complete Wing Back,Attack,Off The Ball,4,1,5,role-defining/core,yes,0.75,0.85,0.93,1.0,,https://www.fmscout.com/a-guide-to-player-roles-in-football-manager.html
role_weights_v2.0,DL/DR/WBL/WBR,Complete Wing Back,Attack,Pace,4,1,5,role-defining/core,yes,0.75,0.85,0.93,1.0,,https://www.fmscout.com/a-guide-to-player-roles-in-football-manager.html
role_weights_v2.0,DL/DR/WBL/WBR,Complete Wing Back,Attack,Passing,3,0,3,important,no,,,,,,https://www.fmscout.com/a-guide-to-player-roles-in-football-manager.html
role_weights_v2.0,DL/DR/WBL/WBR,Complete Wing Back,Attack,Positioning,2,0,2,useful,no,,,,,,https://www.fmscout.com/a-guide-to-player-roles-in-football-manager.html
role_weights_v2.0,DL/DR/WBL/WBR,Complete Wing Back,Attack,Stamina,5,0,5,role-defining/core,yes,0.75,0.85,0.93,1.0,,https://www.fmscout.com/a-guide-to-player-roles-in-football-manager.html
role_weights_v2.0,DL/DR/WBL/WBR,Complete Wing Back,Attack,Tackling,2,0,2,useful,no,,,,,,https://www.fmscout.com/a-guide-to-player-roles-in-football-manager.html
role_weights_v2.0,DL/DR/WBL/WBR,Complete Wing Back,Attack,Technique,3,0,3,important,no,,,,,,https://www.fmscout.com/a-guide-to-player-roles-in-football-manager.html
role_weights_v2.0,DL/DR/WBL/WBR,Complete Wing Back,Attack,Work Rate,4,0,4,primary,no,,,,,,https://www.fmscout.com/a-guide-to-player-roles-in-football-manager.html
role_weights_v2.0,DL/DR/WBL/WBR,Complete Wing Back,Support,Acceleration,4,0,4,primary,no,,,,,,https://www.fmscout.com/a-guide-to-player-roles-in-football-manager.html
role_weights_v2.0,DL/DR/WBL/WBR,Complete Wing Back,Support,Agility,3,0,3,important,no,,,,,,https://www.fmscout.com/a-guide-to-player-roles-in-football-manager.html
role_weights_v2.0,DL/DR/WBL/WBR,Complete Wing Back,Support,Crossing,5,0,5,role-defining/core,yes,0.75,0.85,0.93,1.0,,https://www.fmscout.com/a-guide-to-player-roles-in-football-manager.html
role_weights_v2.0,DL/DR/WBL/WBR,Complete Wing Back,Support,Decisions,3,1,4,primary,no,,,,,,https://www.fmscout.com/a-guide-to-player-roles-in-football-manager.html
role_weights_v2.0,DL/DR/WBL/WBR,Complete Wing Back,Support,Dribbling,4,0,4,primary,no,,,,,,https://www.fmscout.com/a-guide-to-player-roles-in-football-manager.html
role_weights_v2.0,DL/DR/WBL/WBR,Complete Wing Back,Support,First Touch,3,0,3,important,no,,,,,,https://www.fmscout.com/a-guide-to-player-roles-in-football-manager.html
role_weights_v2.0,DL/DR/WBL/WBR,Complete Wing Back,Support,Off The Ball,4,0,4,primary,no,,,,,,https://www.fmscout.com/a-guide-to-player-roles-in-football-manager.html
role_weights_v2.0,DL/DR/WBL/WBR,Complete Wing Back,Support,Pace,4,0,4,primary,no,,,,,,https://www.fmscout.com/a-guide-to-player-roles-in-football-manager.html
role_weights_v2.0,DL/DR/WBL/WBR,Complete Wing Back,Support,Passing,3,1,4,primary,no,,,,,,https://www.fmscout.com/a-guide-to-player-roles-in-football-manager.html
role_weights_v2.0,DL/DR/WBL/WBR,Complete Wing Back,Support,Positioning,2,0,2,useful,no,,,,,,https://www.fmscout.com/a-guide-to-player-roles-in-football-manager.html
role_weights_v2.0,DL/DR/WBL/WBR,Complete Wing Back,Support,Stamina,5,0,5,role-defining/core,yes,0.75,0.85,0.93,1.0,,https://www.fmscout.com/a-guide-to-player-roles-in-football-manager.html
role_weights_v2.0,DL/DR/WBL/WBR,Complete Wing Back,Support,Tackling,2,0,2,useful,no,,,,,,https://www.fmscout.com/a-guide-to-player-roles-in-football-manager.html
role_weights_v2.0,DL/DR/WBL/WBR,Complete Wing Back,Support,Teamwork,0,1,1,marginal,no,,,,,,https://www.fmscout.com/a-guide-to-player-roles-in-football-manager.html
role_weights_v2.0,DL/DR/WBL/WBR,Complete Wing Back,Support,Technique,3,0,3,important,no,,,,,,https://www.fmscout.com/a-guide-to-player-roles-in-football-manager.html
role_weights_v2.0,DL/DR/WBL/WBR,Complete Wing Back,Support,Work Rate,4,0,4,primary,no,,,,,,https://www.fmscout.com/a-guide-to-player-roles-in-football-manager.html
role_weights_v2.0,DL/DR/WBL/WBR,Inverted Wing Back,Attack,Anticipation,3,0,3,important,no,,,,,,https://www.fmscout.com/a-guide-to-player-roles-in-football-manager.html
role_weights_v2.0,DL/DR/WBL/WBR,Inverted Wing Back,Attack,Composure,3,0,3,important,no,,,,,,https://www.fmscout.com/a-guide-to-player-roles-in-football-manager.html
role_weights_v2.0,DL/DR/WBL/WBR,Inverted Wing Back,Attack,Decisions,4,0,4,primary,no,,,,,,https://www.fmscout.com/a-guide-to-player-roles-in-football-manager.html
role_weights_v2.0,DL/DR/WBL/WBR,Inverted Wing Back,Attack,Dribbling,2,0,2,useful,no,,,,,,https://www.fmscout.com/a-guide-to-player-roles-in-football-manager.html
role_weights_v2.0,DL/DR/WBL/WBR,Inverted Wing Back,Attack,First Touch,3,0,3,important,no,,,,,,https://www.fmscout.com/a-guide-to-player-roles-in-football-manager.html
role_weights_v2.0,DL/DR/WBL/WBR,Inverted Wing Back,Attack,Marking,3,0,3,important,no,,,,,,https://www.fmscout.com/a-guide-to-player-roles-in-football-manager.html
role_weights_v2.0,DL/DR/WBL/WBR,Inverted Wing Back,Attack,Off The Ball,3,1,4,primary,no,,,,,,https://www.fmscout.com/a-guide-to-player-roles-in-football-manager.html
role_weights_v2.0,DL/DR/WBL/WBR,Inverted Wing Back,Attack,Passing,4,1,5,role-defining/core,yes,0.75,0.85,0.93,1.0,,https://www.fmscout.com/a-guide-to-player-roles-in-football-manager.html
role_weights_v2.0,DL/DR/WBL/WBR,Inverted Wing Back,Attack,Positioning,4,0,4,primary,no,,,,,,https://www.fmscout.com/a-guide-to-player-roles-in-football-manager.html
role_weights_v2.0,DL/DR/WBL/WBR,Inverted Wing Back,Attack,Stamina,4,0,4,primary,no,,,,,,https://www.fmscout.com/a-guide-to-player-roles-in-football-manager.html
role_weights_v2.0,DL/DR/WBL/WBR,Inverted Wing Back,Attack,Tackling,3,0,3,important,no,,,,,,https://www.fmscout.com/a-guide-to-player-roles-in-football-manager.html
role_weights_v2.0,DL/DR/WBL/WBR,Inverted Wing Back,Attack,Teamwork,3,0,3,important,no,,,,,,https://www.fmscout.com/a-guide-to-player-roles-in-football-manager.html
role_weights_v2.0,DL/DR/WBL/WBR,Inverted Wing Back,Attack,Technique,3,1,4,primary,no,,,,,,https://www.fmscout.com/a-guide-to-player-roles-in-football-manager.html
role_weights_v2.0,DL/DR/WBL/WBR,Inverted Wing Back,Attack,Vision,3,0,3,important,no,,,,,,https://www.fmscout.com/a-guide-to-player-roles-in-football-manager.html
role_weights_v2.0,DL/DR/WBL/WBR,Inverted Wing Back,Attack,Work Rate,4,0,4,primary,no,,,,,,https://www.fmscout.com/a-guide-to-player-roles-in-football-manager.html
role_weights_v2.0,DL/DR/WBL/WBR,Inverted Wing Back,Defend,Anticipation,3,0,3,important,no,,,,,,https://www.fmscout.com/a-guide-to-player-roles-in-football-manager.html
role_weights_v2.0,DL/DR/WBL/WBR,Inverted Wing Back,Defend,Composure,3,0,3,important,no,,,,,,https://www.fmscout.com/a-guide-to-player-roles-in-football-manager.html
role_weights_v2.0,DL/DR/WBL/WBR,Inverted Wing Back,Defend,Concentration,0,1,1,marginal,no,,,,,,https://www.fmscout.com/a-guide-to-player-roles-in-football-manager.html
role_weights_v2.0,DL/DR/WBL/WBR,Inverted Wing Back,Defend,Decisions,4,0,4,primary,no,,,,,,https://www.fmscout.com/a-guide-to-player-roles-in-football-manager.html
role_weights_v2.0,DL/DR/WBL/WBR,Inverted Wing Back,Defend,Dribbling,2,0,2,useful,no,,,,,,https://www.fmscout.com/a-guide-to-player-roles-in-football-manager.html
role_weights_v2.0,DL/DR/WBL/WBR,Inverted Wing Back,Defend,First Touch,3,0,3,important,no,,,,,,https://www.fmscout.com/a-guide-to-player-roles-in-football-manager.html
role_weights_v2.0,DL/DR/WBL/WBR,Inverted Wing Back,Defend,Marking,3,1,4,primary,no,,,,,,https://www.fmscout.com/a-guide-to-player-roles-in-football-manager.html
role_weights_v2.0,DL/DR/WBL/WBR,Inverted Wing Back,Defend,Off The Ball,3,0,3,important,no,,,,,,https://www.fmscout.com/a-guide-to-player-roles-in-football-manager.html
role_weights_v2.0,DL/DR/WBL/WBR,Inverted Wing Back,Defend,Passing,4,0,4,primary,no,,,,,,https://www.fmscout.com/a-guide-to-player-roles-in-football-manager.html
role_weights_v2.0,DL/DR/WBL/WBR,Inverted Wing Back,Defend,Positioning,4,1,5,role-defining/core,yes,0.75,0.85,0.93,1.0,,https://www.fmscout.com/a-guide-to-player-roles-in-football-manager.html
role_weights_v2.0,DL/DR/WBL/WBR,Inverted Wing Back,Defend,Stamina,4,0,4,primary,no,,,,,,https://www.fmscout.com/a-guide-to-player-roles-in-football-manager.html
role_weights_v2.0,DL/DR/WBL/WBR,Inverted Wing Back,Defend,Tackling,3,1,4,primary,no,,,,,,https://www.fmscout.com/a-guide-to-player-roles-in-football-manager.html
role_weights_v2.0,DL/DR/WBL/WBR,Inverted Wing Back,Defend,Teamwork,3,0,3,important,no,,,,,,https://www.fmscout.com/a-guide-to-player-roles-in-football-manager.html
role_weights_v2.0,DL/DR/WBL/WBR,Inverted Wing Back,Defend,Technique,3,0,3,important,no,,,,,,https://www.fmscout.com/a-guide-to-player-roles-in-football-manager.html
role_weights_v2.0,DL/DR/WBL/WBR,Inverted Wing Back,Defend,Vision,3,0,3,important,no,,,,,,https://www.fmscout.com/a-guide-to-player-roles-in-football-manager.html
role_weights_v2.0,DL/DR/WBL/WBR,Inverted Wing Back,Defend,Work Rate,4,0,4,primary,no,,,,,,https://www.fmscout.com/a-guide-to-player-roles-in-football-manager.html
role_weights_v2.0,DL/DR/WBL/WBR,Inverted Wing Back,Support,Anticipation,3,0,3,important,no,,,,,,https://www.fmscout.com/a-guide-to-player-roles-in-football-manager.html
role_weights_v2.0,DL/DR/WBL/WBR,Inverted Wing Back,Support,Composure,3,0,3,important,no,,,,,,https://www.fmscout.com/a-guide-to-player-roles-in-football-manager.html
role_weights_v2.0,DL/DR/WBL/WBR,Inverted Wing Back,Support,Decisions,4,1,5,role-defining/core,yes,0.75,0.85,0.93,1.0,,https://www.fmscout.com/a-guide-to-player-roles-in-football-manager.html
role_weights_v2.0,DL/DR/WBL/WBR,Inverted Wing Back,Support,Dribbling,2,0,2,useful,no,,,,,,https://www.fmscout.com/a-guide-to-player-roles-in-football-manager.html
role_weights_v2.0,DL/DR/WBL/WBR,Inverted Wing Back,Support,First Touch,3,0,3,important,no,,,,,,https://www.fmscout.com/a-guide-to-player-roles-in-football-manager.html
role_weights_v2.0,DL/DR/WBL/WBR,Inverted Wing Back,Support,Marking,3,0,3,important,no,,,,,,https://www.fmscout.com/a-guide-to-player-roles-in-football-manager.html
role_weights_v2.0,DL/DR/WBL/WBR,Inverted Wing Back,Support,Off The Ball,3,0,3,important,no,,,,,,https://www.fmscout.com/a-guide-to-player-roles-in-football-manager.html
role_weights_v2.0,DL/DR/WBL/WBR,Inverted Wing Back,Support,Passing,4,1,5,role-defining/core,yes,0.75,0.85,0.93,1.0,,https://www.fmscout.com/a-guide-to-player-roles-in-football-manager.html
role_weights_v2.0,DL/DR/WBL/WBR,Inverted Wing Back,Support,Positioning,4,0,4,primary,no,,,,,,https://www.fmscout.com/a-guide-to-player-roles-in-football-manager.html
role_weights_v2.0,DL/DR/WBL/WBR,Inverted Wing Back,Support,Stamina,4,0,4,primary,no,,,,,,https://www.fmscout.com/a-guide-to-player-roles-in-football-manager.html
role_weights_v2.0,DL/DR/WBL/WBR,Inverted Wing Back,Support,Tackling,3,0,3,important,no,,,,,,https://www.fmscout.com/a-guide-to-player-roles-in-football-manager.html
role_weights_v2.0,DL/DR/WBL/WBR,Inverted Wing Back,Support,Teamwork,3,1,4,primary,no,,,,,,https://www.fmscout.com/a-guide-to-player-roles-in-football-manager.html
role_weights_v2.0,DL/DR/WBL/WBR,Inverted Wing Back,Support,Technique,3,0,3,important,no,,,,,,https://www.fmscout.com/a-guide-to-player-roles-in-football-manager.html
role_weights_v2.0,DL/DR/WBL/WBR,Inverted Wing Back,Support,Vision,3,0,3,important,no,,,,,,https://www.fmscout.com/a-guide-to-player-roles-in-football-manager.html
role_weights_v2.0,DL/DR/WBL/WBR,Inverted Wing Back,Support,Work Rate,4,0,4,primary,no,,,,,,https://www.fmscout.com/a-guide-to-player-roles-in-football-manager.html
role_weights_v2.0,DL/DR/WBL/WBR,Wing Back,Attack,Acceleration,4,1,5,role-defining/core,yes,0.75,0.85,0.93,1.0,,https://www.fmscout.com/a-guide-to-player-roles-in-football-manager.html
role_weights_v2.0,DL/DR/WBL/WBR,Wing Back,Attack,Crossing,4,1,5,role-defining/core,yes,0.75,0.85,0.93,1.0,,https://www.fmscout.com/a-guide-to-player-roles-in-football-manager.html
role_weights_v2.0,DL/DR/WBL/WBR,Wing Back,Attack,Decisions,3,0,3,important,no,,,,,,https://www.fmscout.com/a-guide-to-player-roles-in-football-manager.html
role_weights_v2.0,DL/DR/WBL/WBR,Wing Back,Attack,Dribbling,3,1,4,primary,no,,,,,,https://www.fmscout.com/a-guide-to-player-roles-in-football-manager.html
role_weights_v2.0,DL/DR/WBL/WBR,Wing Back,Attack,Marking,3,0,3,important,no,,,,,,https://www.fmscout.com/a-guide-to-player-roles-in-football-manager.html
role_weights_v2.0,DL/DR/WBL/WBR,Wing Back,Attack,Off The Ball,3,1,4,primary,no,,,,,,https://www.fmscout.com/a-guide-to-player-roles-in-football-manager.html
role_weights_v2.0,DL/DR/WBL/WBR,Wing Back,Attack,Pace,4,1,5,role-defining/core,yes,0.75,0.85,0.93,1.0,,https://www.fmscout.com/a-guide-to-player-roles-in-football-manager.html
role_weights_v2.0,DL/DR/WBL/WBR,Wing Back,Attack,Passing,3,0,3,important,no,,,,,,https://www.fmscout.com/a-guide-to-player-roles-in-football-manager.html
role_weights_v2.0,DL/DR/WBL/WBR,Wing Back,Attack,Positioning,3,0,3,important,no,,,,,,https://www.fmscout.com/a-guide-to-player-roles-in-football-manager.html
role_weights_v2.0,DL/DR/WBL/WBR,Wing Back,Attack,Stamina,5,0,5,role-defining/core,yes,0.75,0.85,0.93,1.0,,https://www.fmscout.com/a-guide-to-player-roles-in-football-manager.html
role_weights_v2.0,DL/DR/WBL/WBR,Wing Back,Attack,Tackling,3,0,3,important,no,,,,,,https://www.fmscout.com/a-guide-to-player-roles-in-football-manager.html
role_weights_v2.0,DL/DR/WBL/WBR,Wing Back,Attack,Teamwork,3,0,3,important,no,,,,,,https://www.fmscout.com/a-guide-to-player-roles-in-football-manager.html
role_weights_v2.0,DL/DR/WBL/WBR,Wing Back,Attack,Work Rate,4,0,4,primary,no,,,,,,https://www.fmscout.com/a-guide-to-player-roles-in-football-manager.html
role_weights_v2.0,DL/DR/WBL/WBR,Wing Back,Defend,Acceleration,4,0,4,primary,no,,,,,,https://www.fmscout.com/a-guide-to-player-roles-in-football-manager.html
role_weights_v2.0,DL/DR/WBL/WBR,Wing Back,Defend,Concentration,0,1,1,marginal,no,,,,,,https://www.fmscout.com/a-guide-to-player-roles-in-football-manager.html
role_weights_v2.0,DL/DR/WBL/WBR,Wing Back,Defend,Crossing,4,0,4,primary,no,,,,,,https://www.fmscout.com/a-guide-to-player-roles-in-football-manager.html
role_weights_v2.0,DL/DR/WBL/WBR,Wing Back,Defend,Decisions,3,0,3,important,no,,,,,,https://www.fmscout.com/a-guide-to-player-roles-in-football-manager.html
role_weights_v2.0,DL/DR/WBL/WBR,Wing Back,Defend,Dribbling,3,0,3,important,no,,,,,,https://www.fmscout.com/a-guide-to-player-roles-in-football-manager.html
role_weights_v2.0,DL/DR/WBL/WBR,Wing Back,Defend,Marking,3,1,4,primary,no,,,,,,https://www.fmscout.com/a-guide-to-player-roles-in-football-manager.html
role_weights_v2.0,DL/DR/WBL/WBR,Wing Back,Defend,Off The Ball,3,0,3,important,no,,,,,,https://www.fmscout.com/a-guide-to-player-roles-in-football-manager.html
role_weights_v2.0,DL/DR/WBL/WBR,Wing Back,Defend,Pace,4,0,4,primary,no,,,,,,https://www.fmscout.com/a-guide-to-player-roles-in-football-manager.html
role_weights_v2.0,DL/DR/WBL/WBR,Wing Back,Defend,Passing,3,0,3,important,no,,,,,,https://www.fmscout.com/a-guide-to-player-roles-in-football-manager.html
role_weights_v2.0,DL/DR/WBL/WBR,Wing Back,Defend,Positioning,3,1,4,primary,no,,,,,,https://www.fmscout.com/a-guide-to-player-roles-in-football-manager.html
role_weights_v2.0,DL/DR/WBL/WBR,Wing Back,Defend,Stamina,5,0,5,role-defining/core,yes,0.75,0.85,0.93,1.0,,https://www.fmscout.com/a-guide-to-player-roles-in-football-manager.html
role_weights_v2.0,DL/DR/WBL/WBR,Wing Back,Defend,Tackling,3,1,4,primary,no,,,,,,https://www.fmscout.com/a-guide-to-player-roles-in-football-manager.html
role_weights_v2.0,DL/DR/WBL/WBR,Wing Back,Defend,Teamwork,3,0,3,important,no,,,,,,https://www.fmscout.com/a-guide-to-player-roles-in-football-manager.html
role_weights_v2.0,DL/DR/WBL/WBR,Wing Back,Defend,Work Rate,4,0,4,primary,no,,,,,,https://www.fmscout.com/a-guide-to-player-roles-in-football-manager.html
role_weights_v2.0,DL/DR/WBL/WBR,Wing Back,Support,Acceleration,4,0,4,primary,no,,,,,,https://www.fmscout.com/a-guide-to-player-roles-in-football-manager.html
role_weights_v2.0,DL/DR/WBL/WBR,Wing Back,Support,Crossing,4,0,4,primary,no,,,,,,https://www.fmscout.com/a-guide-to-player-roles-in-football-manager.html
role_weights_v2.0,DL/DR/WBL/WBR,Wing Back,Support,Decisions,3,1,4,primary,no,,,,,,https://www.fmscout.com/a-guide-to-player-roles-in-football-manager.html
role_weights_v2.0,DL/DR/WBL/WBR,Wing Back,Support,Dribbling,3,0,3,important,no,,,,,,https://www.fmscout.com/a-guide-to-player-roles-in-football-manager.html
role_weights_v2.0,DL/DR/WBL/WBR,Wing Back,Support,Marking,3,0,3,important,no,,,,,,https://www.fmscout.com/a-guide-to-player-roles-in-football-manager.html
role_weights_v2.0,DL/DR/WBL/WBR,Wing Back,Support,Off The Ball,3,0,3,important,no,,,,,,https://www.fmscout.com/a-guide-to-player-roles-in-football-manager.html
role_weights_v2.0,DL/DR/WBL/WBR,Wing Back,Support,Pace,4,0,4,primary,no,,,,,,https://www.fmscout.com/a-guide-to-player-roles-in-football-manager.html
role_weights_v2.0,DL/DR/WBL/WBR,Wing Back,Support,Passing,3,1,4,primary,no,,,,,,https://www.fmscout.com/a-guide-to-player-roles-in-football-manager.html
role_weights_v2.0,DL/DR/WBL/WBR,Wing Back,Support,Positioning,3,0,3,important,no,,,,,,https://www.fmscout.com/a-guide-to-player-roles-in-football-manager.html
role_weights_v2.0,DL/DR/WBL/WBR,Wing Back,Support,Stamina,5,0,5,role-defining/core,yes,0.75,0.85,0.93,1.0,,https://www.fmscout.com/a-guide-to-player-roles-in-football-manager.html
role_weights_v2.0,DL/DR/WBL/WBR,Wing Back,Support,Tackling,3,0,3,important,no,,,,,,https://www.fmscout.com/a-guide-to-player-roles-in-football-manager.html
role_weights_v2.0,DL/DR/WBL/WBR,Wing Back,Support,Teamwork,3,1,4,primary,no,,,,,,https://www.fmscout.com/a-guide-to-player-roles-in-football-manager.html
role_weights_v2.0,DL/DR/WBL/WBR,Wing Back,Support,Work Rate,4,0,4,primary,no,,,,,,https://www.fmscout.com/a-guide-to-player-roles-in-football-manager.html
role_weights_v2.0,DM,Anchor Man,Defend,Anticipation,5,0,5,role-defining/core,yes,0.75,0.85,0.93,1.0,,https://www.fmscout.com/a-guide-to-player-roles-in-football-manager.html
role_weights_v2.0,DM,Anchor Man,Defend,Bravery,3,0,3,important,no,,,,,,https://www.fmscout.com/a-guide-to-player-roles-in-football-manager.html
role_weights_v2.0,DM,Anchor Man,Defend,Composure,2,0,2,useful,no,,,,,,https://www.fmscout.com/a-guide-to-player-roles-in-football-manager.html
role_weights_v2.0,DM,Anchor Man,Defend,Concentration,5,0,5,role-defining/core,yes,0.75,0.85,0.93,1.0,,https://www.fmscout.com/a-guide-to-player-roles-in-football-manager.html
role_weights_v2.0,DM,Anchor Man,Defend,Decisions,4,0,4,primary,no,,,,,,https://www.fmscout.com/a-guide-to-player-roles-in-football-manager.html
role_weights_v2.0,DM,Anchor Man,Defend,Marking,4,0,4,primary,no,,,,,,https://www.fmscout.com/a-guide-to-player-roles-in-football-manager.html
role_weights_v2.0,DM,Anchor Man,Defend,Passing,2,0,2,useful,no,,,,,,https://www.fmscout.com/a-guide-to-player-roles-in-football-manager.html
role_weights_v2.0,DM,Anchor Man,Defend,Positioning,5,0,5,role-defining/core,yes,0.75,0.85,0.93,1.0,,https://www.fmscout.com/a-guide-to-player-roles-in-football-manager.html
role_weights_v2.0,DM,Anchor Man,Defend,Strength,3,0,3,important,no,,,,,,https://www.fmscout.com/a-guide-to-player-roles-in-football-manager.html
role_weights_v2.0,DM,Anchor Man,Defend,Tackling,4,0,4,primary,no,,,,,,https://www.fmscout.com/a-guide-to-player-roles-in-football-manager.html
role_weights_v2.0,DM,Anchor Man,Defend,Teamwork,3,0,3,important,no,,,,,,https://www.fmscout.com/a-guide-to-player-roles-in-football-manager.html
role_weights_v2.0,DM,Defensive Midfielder,Defend,Anticipation,4,0,4,primary,no,,,,,,https://www.fmscout.com/a-guide-to-player-roles-in-football-manager.html
role_weights_v2.0,DM,Defensive Midfielder,Defend,Composure,3,0,3,important,no,,,,,,https://www.fmscout.com/a-guide-to-player-roles-in-football-manager.html
role_weights_v2.0,DM,Defensive Midfielder,Defend,Concentration,4,0,4,primary,no,,,,,,https://www.fmscout.com/a-guide-to-player-roles-in-football-manager.html
role_weights_v2.0,DM,Defensive Midfielder,Defend,Decisions,4,0,4,primary,no,,,,,,https://www.fmscout.com/a-guide-to-player-roles-in-football-manager.html
role_weights_v2.0,DM,Defensive Midfielder,Defend,Marking,3,0,3,important,no,,,,,,https://www.fmscout.com/a-guide-to-player-roles-in-football-manager.html
role_weights_v2.0,DM,Defensive Midfielder,Defend,Passing,3,0,3,important,no,,,,,,https://www.fmscout.com/a-guide-to-player-roles-in-football-manager.html
role_weights_v2.0,DM,Defensive Midfielder,Defend,Positioning,5,0,5,role-defining/core,yes,0.75,0.85,0.93,1.0,,https://www.fmscout.com/a-guide-to-player-roles-in-football-manager.html
role_weights_v2.0,DM,Defensive Midfielder,Defend,Strength,3,0,3,important,no,,,,,,https://www.fmscout.com/a-guide-to-player-roles-in-football-manager.html
role_weights_v2.0,DM,Defensive Midfielder,Defend,Tackling,4,0,4,primary,no,,,,,,https://www.fmscout.com/a-guide-to-player-roles-in-football-manager.html
role_weights_v2.0,DM,Defensive Midfielder,Defend,Teamwork,4,0,4,primary,no,,,,,,https://www.fmscout.com/a-guide-to-player-roles-in-football-manager.html
role_weights_v2.0,DM,Defensive Midfielder,Defend,Work Rate,4,0,4,primary,no,,,,,,https://www.fmscout.com/a-guide-to-player-roles-in-football-manager.html
role_weights_v2.0,DM,Defensive Midfielder,Support,Anticipation,4,0,4,primary,no,,,,,,https://www.fmscout.com/a-guide-to-player-roles-in-football-manager.html
role_weights_v2.0,DM,Defensive Midfielder,Support,Composure,3,0,3,important,no,,,,,,https://www.fmscout.com/a-guide-to-player-roles-in-football-manager.html
role_weights_v2.0,DM,Defensive Midfielder,Support,Concentration,4,0,4,primary,no,,,,,,https://www.fmscout.com/a-guide-to-player-roles-in-football-manager.html
role_weights_v2.0,DM,Defensive Midfielder,Support,Decisions,4,0,4,primary,no,,,,,,https://www.fmscout.com/a-guide-to-player-roles-in-football-manager.html
role_weights_v2.0,DM,Defensive Midfielder,Support,Marking,3,0,3,important,no,,,,,,https://www.fmscout.com/a-guide-to-player-roles-in-football-manager.html
role_weights_v2.0,DM,Defensive Midfielder,Support,Passing,3,0,3,important,no,,,,,,https://www.fmscout.com/a-guide-to-player-roles-in-football-manager.html
role_weights_v2.0,DM,Defensive Midfielder,Support,Positioning,5,0,5,role-defining/core,yes,0.75,0.85,0.93,1.0,,https://www.fmscout.com/a-guide-to-player-roles-in-football-manager.html
role_weights_v2.0,DM,Defensive Midfielder,Support,Strength,3,0,3,important,no,,,,,,https://www.fmscout.com/a-guide-to-player-roles-in-football-manager.html
role_weights_v2.0,DM,Defensive Midfielder,Support,Tackling,4,0,4,primary,no,,,,,,https://www.fmscout.com/a-guide-to-player-roles-in-football-manager.html
role_weights_v2.0,DM,Defensive Midfielder,Support,Teamwork,4,0,4,primary,no,,,,,,https://www.fmscout.com/a-guide-to-player-roles-in-football-manager.html
role_weights_v2.0,DM,Defensive Midfielder,Support,Work Rate,4,0,4,primary,no,,,,,,https://www.fmscout.com/a-guide-to-player-roles-in-football-manager.html
role_weights_v2.0,DM,Half Back,Defend,Anticipation,4,0,4,primary,no,,,,,,https://www.fmscout.com/a-guide-to-player-roles-in-football-manager.html
role_weights_v2.0,DM,Half Back,Defend,Composure,4,0,4,primary,no,,,,,,https://www.fmscout.com/a-guide-to-player-roles-in-football-manager.html
role_weights_v2.0,DM,Half Back,Defend,Concentration,4,0,4,primary,no,,,,,,https://www.fmscout.com/a-guide-to-player-roles-in-football-manager.html
role_weights_v2.0,DM,Half Back,Defend,Decisions,4,0,4,primary,no,,,,,,https://www.fmscout.com/a-guide-to-player-roles-in-football-manager.html
role_weights_v2.0,DM,Half Back,Defend,First Touch,3,0,3,important,no,,,,,,https://www.fmscout.com/a-guide-to-player-roles-in-football-manager.html
role_weights_v2.0,DM,Half Back,Defend,Marking,4,0,4,primary,no,,,,,,https://www.fmscout.com/a-guide-to-player-roles-in-football-manager.html
role_weights_v2.0,DM,Half Back,Defend,Passing,4,0,4,primary,no,,,,,,https://www.fmscout.com/a-guide-to-player-roles-in-football-manager.html
role_weights_v2.0,DM,Half Back,Defend,Positioning,5,0,5,role-defining/core,yes,0.75,0.85,0.93,1.0,,https://www.fmscout.com/a-guide-to-player-roles-in-football-manager.html
role_weights_v2.0,DM,Half Back,Defend,Strength,3,0,3,important,no,,,,,,https://www.fmscout.com/a-guide-to-player-roles-in-football-manager.html
role_weights_v2.0,DM,Half Back,Defend,Tackling,4,0,4,primary,no,,,,,,https://www.fmscout.com/a-guide-to-player-roles-in-football-manager.html
role_weights_v2.0,DM,Half Back,Defend,Teamwork,4,0,4,primary,no,,,,,,https://www.fmscout.com/a-guide-to-player-roles-in-football-manager.html
role_weights_v2.0,DM,Regista,Support,Agility,2,0,2,useful,no,,,,,,https://www.fmscout.com/a-guide-to-player-roles-in-football-manager.html
role_weights_v2.0,DM,Regista,Support,Anticipation,4,0,4,primary,no,,,,,,https://www.fmscout.com/a-guide-to-player-roles-in-football-manager.html
role_weights_v2.0,DM,Regista,Support,Composure,4,0,4,primary,no,,,,,,https://www.fmscout.com/a-guide-to-player-roles-in-football-manager.html
role_weights_v2.0,DM,Regista,Support,Decisions,4,0,4,primary,no,,,,,,https://www.fmscout.com/a-guide-to-player-roles-in-football-manager.html
role_weights_v2.0,DM,Regista,Support,Dribbling,3,0,3,important,no,,,,,,https://www.fmscout.com/a-guide-to-player-roles-in-football-manager.html
role_weights_v2.0,DM,Regista,Support,First Touch,4,0,4,primary,no,,,,,,https://www.fmscout.com/a-guide-to-player-roles-in-football-manager.html
role_weights_v2.0,DM,Regista,Support,Flair,4,0,4,primary,no,,,,,,https://www.fmscout.com/a-guide-to-player-roles-in-football-manager.html
role_weights_v2.0,DM,Regista,Support,Off The Ball,3,0,3,important,no,,,,,,https://www.fmscout.com/a-guide-to-player-roles-in-football-manager.html
role_weights_v2.0,DM,Regista,Support,Passing,5,0,5,role-defining/core,yes,0.75,0.85,0.93,1.0,,https://www.fmscout.com/a-guide-to-player-roles-in-football-manager.html
role_weights_v2.0,DM,Regista,Support,Stamina,3,0,3,important,no,,,,,,https://www.fmscout.com/a-guide-to-player-roles-in-football-manager.html
role_weights_v2.0,DM,Regista,Support,Technique,5,0,5,role-defining/core,yes,0.75,0.85,0.93,1.0,,https://www.fmscout.com/a-guide-to-player-roles-in-football-manager.html
role_weights_v2.0,DM,Regista,Support,Vision,5,0,5,role-defining/core,yes,0.75,0.85,0.93,1.0,,https://www.fmscout.com/a-guide-to-player-roles-in-football-manager.html
role_weights_v2.0,DM,Regista,Support,Work Rate,3,0,3,important,no,,,,,,https://www.fmscout.com/a-guide-to-player-roles-in-football-manager.html
role_weights_v2.0,DM,Segundo Volante,Attack,Acceleration,3,1,4,primary,no,,,,,,https://www.fmscout.com/a-guide-to-player-roles-in-football-manager.html
role_weights_v2.0,DM,Segundo Volante,Attack,Anticipation,4,0,4,primary,no,,,,,,https://www.fmscout.com/a-guide-to-player-roles-in-football-manager.html
role_weights_v2.0,DM,Segundo Volante,Attack,Composure,3,1,4,primary,no,,,,,,https://www.fmscout.com/a-guide-to-player-roles-in-football-manager.html
role_weights_v2.0,DM,Segundo Volante,Attack,Decisions,4,0,4,primary,no,,,,,,https://www.fmscout.com/a-guide-to-player-roles-in-football-manager.html
role_weights_v2.0,DM,Segundo Volante,Attack,Finishing,2,1,3,important,no,,,,,,https://www.fmscout.com/a-guide-to-player-roles-in-football-manager.html
role_weights_v2.0,DM,Segundo Volante,Attack,Long Shots,3,1,4,primary,no,,,,,,https://www.fmscout.com/a-guide-to-player-roles-in-football-manager.html
role_weights_v2.0,DM,Segundo Volante,Attack,Off The Ball,4,1,5,role-defining/core,yes,0.75,0.85,0.93,1.0,,https://www.fmscout.com/a-guide-to-player-roles-in-football-manager.html
role_weights_v2.0,DM,Segundo Volante,Attack,Passing,3,0,3,important,no,,,,,,https://www.fmscout.com/a-guide-to-player-roles-in-football-manager.html
role_weights_v2.0,DM,Segundo Volante,Attack,Positioning,3,0,3,important,no,,,,,,https://www.fmscout.com/a-guide-to-player-roles-in-football-manager.html
role_weights_v2.0,DM,Segundo Volante,Attack,Stamina,5,0,5,role-defining/core,yes,0.75,0.85,0.93,1.0,,https://www.fmscout.com/a-guide-to-player-roles-in-football-manager.html
role_weights_v2.0,DM,Segundo Volante,Attack,Strength,3,0,3,important,no,,,,,,https://www.fmscout.com/a-guide-to-player-roles-in-football-manager.html
role_weights_v2.0,DM,Segundo Volante,Attack,Tackling,3,0,3,important,no,,,,,,https://www.fmscout.com/a-guide-to-player-roles-in-football-manager.html
role_weights_v2.0,DM,Segundo Volante,Attack,Work Rate,5,0,5,role-defining/core,yes,0.75,0.85,0.93,1.0,,https://www.fmscout.com/a-guide-to-player-roles-in-football-manager.html
role_weights_v2.0,DM,Segundo Volante,Support,Acceleration,3,0,3,important,no,,,,,,https://www.fmscout.com/a-guide-to-player-roles-in-football-manager.html
role_weights_v2.0,DM,Segundo Volante,Support,Anticipation,4,0,4,primary,no,,,,,,https://www.fmscout.com/a-guide-to-player-roles-in-football-manager.html
role_weights_v2.0,DM,Segundo Volante,Support,Composure,3,0,3,important,no,,,,,,https://www.fmscout.com/a-guide-to-player-roles-in-football-manager.html
role_weights_v2.0,DM,Segundo Volante,Support,Decisions,4,0,4,primary,no,,,,,,https://www.fmscout.com/a-guide-to-player-roles-in-football-manager.html
role_weights_v2.0,DM,Segundo Volante,Support,Finishing,2,0,2,useful,no,,,,,,https://www.fmscout.com/a-guide-to-player-roles-in-football-manager.html
role_weights_v2.0,DM,Segundo Volante,Support,Long Shots,3,0,3,important,no,,,,,,https://www.fmscout.com/a-guide-to-player-roles-in-football-manager.html
role_weights_v2.0,DM,Segundo Volante,Support,Off The Ball,4,0,4,primary,no,,,,,,https://www.fmscout.com/a-guide-to-player-roles-in-football-manager.html
role_weights_v2.0,DM,Segundo Volante,Support,Passing,3,1,4,primary,no,,,,,,https://www.fmscout.com/a-guide-to-player-roles-in-football-manager.html
role_weights_v2.0,DM,Segundo Volante,Support,Positioning,3,1,4,primary,no,,,,,,https://www.fmscout.com/a-guide-to-player-roles-in-football-manager.html
role_weights_v2.0,DM,Segundo Volante,Support,Stamina,5,0,5,role-defining/core,yes,0.75,0.85,0.93,1.0,,https://www.fmscout.com/a-guide-to-player-roles-in-football-manager.html
role_weights_v2.0,DM,Segundo Volante,Support,Strength,3,0,3,important,no,,,,,,https://www.fmscout.com/a-guide-to-player-roles-in-football-manager.html
role_weights_v2.0,DM,Segundo Volante,Support,Tackling,3,1,4,primary,no,,,,,,https://www.fmscout.com/a-guide-to-player-roles-in-football-manager.html
role_weights_v2.0,DM,Segundo Volante,Support,Teamwork,0,1,1,marginal,no,,,,,,https://www.fmscout.com/a-guide-to-player-roles-in-football-manager.html
role_weights_v2.0,DM,Segundo Volante,Support,Work Rate,5,0,5,role-defining/core,yes,0.75,0.85,0.93,1.0,,https://www.fmscout.com/a-guide-to-player-roles-in-football-manager.html
role_weights_v2.0,DM/MC,Ball-Winning Midfielder,Defend,Acceleration,2,0,2,useful,no,,,,,,https://www.fmscout.com/a-guide-to-player-roles-in-football-manager.html
role_weights_v2.0,DM/MC,Ball-Winning Midfielder,Defend,Aggression,4,0,4,primary,no,,,,,,https://www.fmscout.com/a-guide-to-player-roles-in-football-manager.html
role_weights_v2.0,DM/MC,Ball-Winning Midfielder,Defend,Anticipation,4,0,4,primary,no,,,,,,https://www.fmscout.com/a-guide-to-player-roles-in-football-manager.html
role_weights_v2.0,DM/MC,Ball-Winning Midfielder,Defend,Bravery,4,0,4,primary,no,,,,,,https://www.fmscout.com/a-guide-to-player-roles-in-football-manager.html
role_weights_v2.0,DM/MC,Ball-Winning Midfielder,Defend,Concentration,0,1,1,marginal,no,,,,,,https://www.fmscout.com/a-guide-to-player-roles-in-football-manager.html
role_weights_v2.0,DM/MC,Ball-Winning Midfielder,Defend,Decisions,2,0,2,useful,no,,,,,,https://www.fmscout.com/a-guide-to-player-roles-in-football-manager.html
role_weights_v2.0,DM/MC,Ball-Winning Midfielder,Defend,Marking,3,1,4,primary,no,,,,,,https://www.fmscout.com/a-guide-to-player-roles-in-football-manager.html
role_weights_v2.0,DM/MC,Ball-Winning Midfielder,Defend,Positioning,3,1,4,primary,no,,,,,,https://www.fmscout.com/a-guide-to-player-roles-in-football-manager.html
role_weights_v2.0,DM/MC,Ball-Winning Midfielder,Defend,Stamina,4,0,4,primary,no,,,,,,https://www.fmscout.com/a-guide-to-player-roles-in-football-manager.html
role_weights_v2.0,DM/MC,Ball-Winning Midfielder,Defend,Strength,3,0,3,important,no,,,,,,https://www.fmscout.com/a-guide-to-player-roles-in-football-manager.html
role_weights_v2.0,DM/MC,Ball-Winning Midfielder,Defend,Tackling,5,0,5,role-defining/core,yes,0.75,0.85,0.93,1.0,,https://www.fmscout.com/a-guide-to-player-roles-in-football-manager.html
role_weights_v2.0,DM/MC,Ball-Winning Midfielder,Defend,Teamwork,4,0,4,primary,no,,,,,,https://www.fmscout.com/a-guide-to-player-roles-in-football-manager.html
role_weights_v2.0,DM/MC,Ball-Winning Midfielder,Defend,Work Rate,5,0,5,role-defining/core,yes,0.75,0.85,0.93,1.0,,https://www.fmscout.com/a-guide-to-player-roles-in-football-manager.html
role_weights_v2.0,DM/MC,Ball-Winning Midfielder,Support,Acceleration,2,1,3,important,no,,,,,,https://www.fmscout.com/a-guide-to-player-roles-in-football-manager.html
role_weights_v2.0,DM/MC,Ball-Winning Midfielder,Support,Aggression,4,0,4,primary,no,,,,,,https://www.fmscout.com/a-guide-to-player-roles-in-football-manager.html
role_weights_v2.0,DM/MC,Ball-Winning Midfielder,Support,Anticipation,4,0,4,primary,no,,,,,,https://www.fmscout.com/a-guide-to-player-roles-in-football-manager.html
role_weights_v2.0,DM/MC,Ball-Winning Midfielder,Support,Bravery,4,0,4,primary,no,,,,,,https://www.fmscout.com/a-guide-to-player-roles-in-football-manager.html
role_weights_v2.0,DM/MC,Ball-Winning Midfielder,Support,Decisions,2,0,2,useful,no,,,,,,https://www.fmscout.com/a-guide-to-player-roles-in-football-manager.html
role_weights_v2.0,DM/MC,Ball-Winning Midfielder,Support,Marking,3,0,3,important,no,,,,,,https://www.fmscout.com/a-guide-to-player-roles-in-football-manager.html
role_weights_v2.0,DM/MC,Ball-Winning Midfielder,Support,Passing,0,1,1,marginal,no,,,,,,https://www.fmscout.com/a-guide-to-player-roles-in-football-manager.html
role_weights_v2.0,DM/MC,Ball-Winning Midfielder,Support,Positioning,3,0,3,important,no,,,,,,https://www.fmscout.com/a-guide-to-player-roles-in-football-manager.html
role_weights_v2.0,DM/MC,Ball-Winning Midfielder,Support,Stamina,4,1,5,role-defining/core,yes,0.75,0.85,0.93,1.0,,https://www.fmscout.com/a-guide-to-player-roles-in-football-manager.html
role_weights_v2.0,DM/MC,Ball-Winning Midfielder,Support,Strength,3,0,3,important,no,,,,,,https://www.fmscout.com/a-guide-to-player-roles-in-football-manager.html
role_weights_v2.0,DM/MC,Ball-Winning Midfielder,Support,Tackling,5,0,5,role-defining/core,yes,0.75,0.85,0.93,1.0,,https://www.fmscout.com/a-guide-to-player-roles-in-football-manager.html
role_weights_v2.0,DM/MC,Ball-Winning Midfielder,Support,Teamwork,4,1,5,role-defining/core,yes,0.75,0.85,0.93,1.0,,https://www.fmscout.com/a-guide-to-player-roles-in-football-manager.html
role_weights_v2.0,DM/MC,Ball-Winning Midfielder,Support,Work Rate,5,0,5,role-defining/core,yes,0.75,0.85,0.93,1.0,,https://www.fmscout.com/a-guide-to-player-roles-in-football-manager.html
role_weights_v2.0,DM/MC,Deep-Lying Playmaker,Defend,Anticipation,3,1,4,primary,no,,,,,,https://www.fmscout.com/a-guide-to-player-roles-in-football-manager.html
role_weights_v2.0,DM/MC,Deep-Lying Playmaker,Defend,Composure,4,0,4,primary,no,,,,,,https://www.fmscout.com/a-guide-to-player-roles-in-football-manager.html
role_weights_v2.0,DM/MC,Deep-Lying Playmaker,Defend,Concentration,0,1,1,marginal,no,,,,,,https://www.fmscout.com/a-guide-to-player-roles-in-football-manager.html
role_weights_v2.0,DM/MC,Deep-Lying Playmaker,Defend,Decisions,4,0,4,primary,no,,,,,,https://www.fmscout.com/a-guide-to-player-roles-in-football-manager.html
role_weights_v2.0,DM/MC,Deep-Lying Playmaker,Defend,First Touch,4,0,4,primary,no,,,,,,https://www.fmscout.com/a-guide-to-player-roles-in-football-manager.html
role_weights_v2.0,DM/MC,Deep-Lying Playmaker,Defend,Passing,5,0,5,role-defining/core,yes,0.75,0.85,0.93,1.0,,https://www.fmscout.com/a-guide-to-player-roles-in-football-manager.html
role_weights_v2.0,DM/MC,Deep-Lying Playmaker,Defend,Positioning,3,1,4,primary,no,,,,,,https://www.fmscout.com/a-guide-to-player-roles-in-football-manager.html
role_weights_v2.0,DM/MC,Deep-Lying Playmaker,Defend,Tackling,2,0,2,useful,no,,,,,,https://www.fmscout.com/a-guide-to-player-roles-in-football-manager.html
role_weights_v2.0,DM/MC,Deep-Lying Playmaker,Defend,Teamwork,3,0,3,important,no,,,,,,https://www.fmscout.com/a-guide-to-player-roles-in-football-manager.html
role_weights_v2.0,DM/MC,Deep-Lying Playmaker,Defend,Technique,4,0,4,primary,no,,,,,,https://www.fmscout.com/a-guide-to-player-roles-in-football-manager.html
role_weights_v2.0,DM/MC,Deep-Lying Playmaker,Defend,Vision,5,0,5,role-defining/core,yes,0.75,0.85,0.93,1.0,,https://www.fmscout.com/a-guide-to-player-roles-in-football-manager.html
role_weights_v2.0,DM/MC,Deep-Lying Playmaker,Support,Anticipation,3,0,3,important,no,,,,,,https://www.fmscout.com/a-guide-to-player-roles-in-football-manager.html
role_weights_v2.0,DM/MC,Deep-Lying Playmaker,Support,Composure,4,0,4,primary,no,,,,,,https://www.fmscout.com/a-guide-to-player-roles-in-football-manager.html
role_weights_v2.0,DM/MC,Deep-Lying Playmaker,Support,Decisions,4,0,4,primary,no,,,,,,https://www.fmscout.com/a-guide-to-player-roles-in-football-manager.html
role_weights_v2.0,DM/MC,Deep-Lying Playmaker,Support,First Touch,4,1,5,role-defining/core,yes,0.75,0.85,0.93,1.0,,https://www.fmscout.com/a-guide-to-player-roles-in-football-manager.html
role_weights_v2.0,DM/MC,Deep-Lying Playmaker,Support,Passing,5,0,5,role-defining/core,yes,0.75,0.85,0.93,1.0,,https://www.fmscout.com/a-guide-to-player-roles-in-football-manager.html
role_weights_v2.0,DM/MC,Deep-Lying Playmaker,Support,Positioning,3,0,3,important,no,,,,,,https://www.fmscout.com/a-guide-to-player-roles-in-football-manager.html
role_weights_v2.0,DM/MC,Deep-Lying Playmaker,Support,Tackling,2,0,2,useful,no,,,,,,https://www.fmscout.com/a-guide-to-player-roles-in-football-manager.html
role_weights_v2.0,DM/MC,Deep-Lying Playmaker,Support,Teamwork,3,0,3,important,no,,,,,,https://www.fmscout.com/a-guide-to-player-roles-in-football-manager.html
role_weights_v2.0,DM/MC,Deep-Lying Playmaker,Support,Technique,4,1,5,role-defining/core,yes,0.75,0.85,0.93,1.0,,https://www.fmscout.com/a-guide-to-player-roles-in-football-manager.html
role_weights_v2.0,DM/MC,Deep-Lying Playmaker,Support,Vision,5,1,5,role-defining/core,yes,0.75,0.85,0.93,1.0,,https://www.fmscout.com/a-guide-to-player-roles-in-football-manager.html
role_weights_v2.0,DM/MC,Roaming Playmaker,Support,Acceleration,3,0,3,important,no,,,,,,https://www.fmscout.com/a-guide-to-player-roles-in-football-manager.html
role_weights_v2.0,DM/MC,Roaming Playmaker,Support,Agility,3,0,3,important,no,,,,,,https://www.fmscout.com/a-guide-to-player-roles-in-football-manager.html
role_weights_v2.0,DM/MC,Roaming Playmaker,Support,Anticipation,3,0,3,important,no,,,,,,https://www.fmscout.com/a-guide-to-player-roles-in-football-manager.html
role_weights_v2.0,DM/MC,Roaming Playmaker,Support,Composure,3,0,3,important,no,,,,,,https://www.fmscout.com/a-guide-to-player-roles-in-football-manager.html
role_weights_v2.0,DM/MC,Roaming Playmaker,Support,Decisions,4,0,4,primary,no,,,,,,https://www.fmscout.com/a-guide-to-player-roles-in-football-manager.html
role_weights_v2.0,DM/MC,Roaming Playmaker,Support,Dribbling,4,0,4,primary,no,,,,,,https://www.fmscout.com/a-guide-to-player-roles-in-football-manager.html
role_weights_v2.0,DM/MC,Roaming Playmaker,Support,First Touch,4,0,4,primary,no,,,,,,https://www.fmscout.com/a-guide-to-player-roles-in-football-manager.html
role_weights_v2.0,DM/MC,Roaming Playmaker,Support,Off The Ball,4,0,4,primary,no,,,,,,https://www.fmscout.com/a-guide-to-player-roles-in-football-manager.html
role_weights_v2.0,DM/MC,Roaming Playmaker,Support,Passing,5,0,5,role-defining/core,yes,0.75,0.85,0.93,1.0,,https://www.fmscout.com/a-guide-to-player-roles-in-football-manager.html
role_weights_v2.0,DM/MC,Roaming Playmaker,Support,Stamina,4,0,4,primary,no,,,,,,https://www.fmscout.com/a-guide-to-player-roles-in-football-manager.html
role_weights_v2.0,DM/MC,Roaming Playmaker,Support,Technique,4,0,4,primary,no,,,,,,https://www.fmscout.com/a-guide-to-player-roles-in-football-manager.html
role_weights_v2.0,DM/MC,Roaming Playmaker,Support,Vision,5,0,5,role-defining/core,yes,0.75,0.85,0.93,1.0,,https://www.fmscout.com/a-guide-to-player-roles-in-football-manager.html
role_weights_v2.0,DM/MC,Roaming Playmaker,Support,Work Rate,4,0,4,primary,no,,,,,,https://www.fmscout.com/a-guide-to-player-roles-in-football-manager.html
role_weights_v2.0,GK,Goalkeeper,Defend,Aerial Reach,4,0,4,primary,no,,,,,,https://www.fmscout.com/a-guide-to-player-roles-in-football-manager.html
role_weights_v2.0,GK,Goalkeeper,Defend,Agility,3,0,3,important,no,,,,,,https://www.fmscout.com/a-guide-to-player-roles-in-football-manager.html
role_weights_v2.0,GK,Goalkeeper,Defend,Anticipation,2,0,2,useful,no,,,,,,https://www.fmscout.com/a-guide-to-player-roles-in-football-manager.html
role_weights_v2.0,GK,Goalkeeper,Defend,Command of Area,4,0,4,primary,no,,,,,,https://www.fmscout.com/a-guide-to-player-roles-in-football-manager.html
role_weights_v2.0,GK,Goalkeeper,Defend,Communication,3,0,3,important,no,,,,,,https://www.fmscout.com/a-guide-to-player-roles-in-football-manager.html
role_weights_v2.0,GK,Goalkeeper,Defend,Composure,2,0,2,useful,no,,,,,,https://www.fmscout.com/a-guide-to-player-roles-in-football-manager.html
role_weights_v2.0,GK,Goalkeeper,Defend,Concentration,4,0,4,primary,no,,,,,,https://www.fmscout.com/a-guide-to-player-roles-in-football-manager.html
role_weights_v2.0,GK,Goalkeeper,Defend,Decisions,3,0,3,important,no,,,,,,https://www.fmscout.com/a-guide-to-player-roles-in-football-manager.html
role_weights_v2.0,GK,Goalkeeper,Defend,Handling,5,0,5,role-defining/core,yes,0.75,0.85,0.93,1.0,,https://www.fmscout.com/a-guide-to-player-roles-in-football-manager.html
role_weights_v2.0,GK,Goalkeeper,Defend,Kicking,2,0,2,useful,no,,,,,,https://www.fmscout.com/a-guide-to-player-roles-in-football-manager.html
role_weights_v2.0,GK,Goalkeeper,Defend,One on Ones,5,0,5,role-defining/core,yes,0.75,0.85,0.93,1.0,,https://www.fmscout.com/a-guide-to-player-roles-in-football-manager.html
role_weights_v2.0,GK,Goalkeeper,Defend,Positioning,4,0,4,primary,no,,,,,,https://www.fmscout.com/a-guide-to-player-roles-in-football-manager.html
role_weights_v2.0,GK,Goalkeeper,Defend,Reflexes,5,0,5,role-defining/core,yes,0.75,0.85,0.93,1.0,,https://www.fmscout.com/a-guide-to-player-roles-in-football-manager.html
role_weights_v2.0,GK,Goalkeeper,Defend,Throwing,2,0,2,useful,no,,,,,,https://www.fmscout.com/a-guide-to-player-roles-in-football-manager.html
role_weights_v2.0,GK,Sweeper Keeper,Attack,Acceleration,3,1,4,primary,no,,,,,,https://www.fmscout.com/a-guide-to-player-roles-in-football-manager.html
role_weights_v2.0,GK,Sweeper Keeper,Attack,Aerial Reach,3,0,3,important,no,,,,,,https://www.fmscout.com/a-guide-to-player-roles-in-football-manager.html
role_weights_v2.0,GK,Sweeper Keeper,Attack,Anticipation,4,0,4,primary,no,,,,,,https://www.fmscout.com/a-guide-to-player-roles-in-football-manager.html
role_weights_v2.0,GK,Sweeper Keeper,Attack,Communication,2,0,2,useful,no,,,,,,https://www.fmscout.com/a-guide-to-player-roles-in-football-manager.html
role_weights_v2.0,GK,Sweeper Keeper,Attack,Composure,4,0,4,primary,no,,,,,,https://www.fmscout.com/a-guide-to-player-roles-in-football-manager.html
role_weights_v2.0,GK,Sweeper Keeper,Attack,Decisions,4,0,4,primary,no,,,,,,https://www.fmscout.com/a-guide-to-player-roles-in-football-manager.html
role_weights_v2.0,GK,Sweeper Keeper,Attack,First Touch,3,1,4,primary,no,,,,,,https://www.fmscout.com/a-guide-to-player-roles-in-football-manager.html
role_weights_v2.0,GK,Sweeper Keeper,Attack,Handling,4,0,4,primary,no,,,,,,https://www.fmscout.com/a-guide-to-player-roles-in-football-manager.html
role_weights_v2.0,GK,Sweeper Keeper,Attack,Kicking,3,0,3,important,no,,,,,,https://www.fmscout.com/a-guide-to-player-roles-in-football-manager.html
role_weights_v2.0,GK,Sweeper Keeper,Attack,One on Ones,4,0,4,primary,no,,,,,,https://www.fmscout.com/a-guide-to-player-roles-in-football-manager.html
role_weights_v2.0,GK,Sweeper Keeper,Attack,Pace,3,0,3,important,no,,,,,,https://www.fmscout.com/a-guide-to-player-roles-in-football-manager.html
role_weights_v2.0,GK,Sweeper Keeper,Attack,Passing,3,1,4,primary,no,,,,,,https://www.fmscout.com/a-guide-to-player-roles-in-football-manager.html
role_weights_v2.0,GK,Sweeper Keeper,Attack,Positioning,4,0,4,primary,no,,,,,,https://www.fmscout.com/a-guide-to-player-roles-in-football-manager.html
role_weights_v2.0,GK,Sweeper Keeper,Attack,Reflexes,5,0,5,role-defining/core,yes,0.75,0.85,0.93,1.0,,https://www.fmscout.com/a-guide-to-player-roles-in-football-manager.html
role_weights_v2.0,GK,Sweeper Keeper,Attack,Rushing Out,5,1,5,role-defining/core,yes,0.75,0.85,0.93,1.0,,https://www.fmscout.com/a-guide-to-player-roles-in-football-manager.html
role_weights_v2.0,GK,Sweeper Keeper,Attack,Technique,2,1,3,important,no,,,,,,https://www.fmscout.com/a-guide-to-player-roles-in-football-manager.html
role_weights_v2.0,GK,Sweeper Keeper,Attack,Throwing,3,0,3,important,no,,,,,,https://www.fmscout.com/a-guide-to-player-roles-in-football-manager.html
role_weights_v2.0,GK,Sweeper Keeper,Defend,Acceleration,3,0,3,important,no,,,,,,https://www.fmscout.com/a-guide-to-player-roles-in-football-manager.html
role_weights_v2.0,GK,Sweeper Keeper,Defend,Aerial Reach,3,0,3,important,no,,,,,,https://www.fmscout.com/a-guide-to-player-roles-in-football-manager.html
role_weights_v2.0,GK,Sweeper Keeper,Defend,Anticipation,4,0,4,primary,no,,,,,,https://www.fmscout.com/a-guide-to-player-roles-in-football-manager.html
role_weights_v2.0,GK,Sweeper Keeper,Defend,Communication,2,0,2,useful,no,,,,,,https://www.fmscout.com/a-guide-to-player-roles-in-football-manager.html
role_weights_v2.0,GK,Sweeper Keeper,Defend,Composure,4,0,4,primary,no,,,,,,https://www.fmscout.com/a-guide-to-player-roles-in-football-manager.html
role_weights_v2.0,GK,Sweeper Keeper,Defend,Concentration,0,1,1,marginal,no,,,,,,https://www.fmscout.com/a-guide-to-player-roles-in-football-manager.html
role_weights_v2.0,GK,Sweeper Keeper,Defend,Decisions,4,0,4,primary,no,,,,,,https://www.fmscout.com/a-guide-to-player-roles-in-football-manager.html
role_weights_v2.0,GK,Sweeper Keeper,Defend,First Touch,3,0,3,important,no,,,,,,https://www.fmscout.com/a-guide-to-player-roles-in-football-manager.html
role_weights_v2.0,GK,Sweeper Keeper,Defend,Handling,4,1,5,role-defining/core,yes,0.75,0.85,0.93,1.0,,https://www.fmscout.com/a-guide-to-player-roles-in-football-manager.html
role_weights_v2.0,GK,Sweeper Keeper,Defend,Kicking,3,0,3,important,no,,,,,,https://www.fmscout.com/a-guide-to-player-roles-in-football-manager.html
role_weights_v2.0,GK,Sweeper Keeper,Defend,One on Ones,4,0,4,primary,no,,,,,,https://www.fmscout.com/a-guide-to-player-roles-in-football-manager.html
role_weights_v2.0,GK,Sweeper Keeper,Defend,Pace,3,0,3,important,no,,,,,,https://www.fmscout.com/a-guide-to-player-roles-in-football-manager.html
role_weights_v2.0,GK,Sweeper Keeper,Defend,Passing,3,0,3,important,no,,,,,,https://www.fmscout.com/a-guide-to-player-roles-in-football-manager.html
role_weights_v2.0,GK,Sweeper Keeper,Defend,Positioning,4,1,5,role-defining/core,yes,0.75,0.85,0.93,1.0,,https://www.fmscout.com/a-guide-to-player-roles-in-football-manager.html
role_weights_v2.0,GK,Sweeper Keeper,Defend,Reflexes,5,0,5,role-defining/core,yes,0.75,0.85,0.93,1.0,,https://www.fmscout.com/a-guide-to-player-roles-in-football-manager.html
role_weights_v2.0,GK,Sweeper Keeper,Defend,Rushing Out,5,0,5,role-defining/core,yes,0.75,0.85,0.93,1.0,,https://www.fmscout.com/a-guide-to-player-roles-in-football-manager.html
role_weights_v2.0,GK,Sweeper Keeper,Defend,Technique,2,0,2,useful,no,,,,,,https://www.fmscout.com/a-guide-to-player-roles-in-football-manager.html
role_weights_v2.0,GK,Sweeper Keeper,Defend,Throwing,3,0,3,important,no,,,,,,https://www.fmscout.com/a-guide-to-player-roles-in-football-manager.html
role_weights_v2.0,GK,Sweeper Keeper,Support,Acceleration,3,0,3,important,no,,,,,,https://www.fmscout.com/a-guide-to-player-roles-in-football-manager.html
role_weights_v2.0,GK,Sweeper Keeper,Support,Aerial Reach,3,0,3,important,no,,,,,,https://www.fmscout.com/a-guide-to-player-roles-in-football-manager.html
role_weights_v2.0,GK,Sweeper Keeper,Support,Anticipation,4,0,4,primary,no,,,,,,https://www.fmscout.com/a-guide-to-player-roles-in-football-manager.html
role_weights_v2.0,GK,Sweeper Keeper,Support,Communication,2,0,2,useful,no,,,,,,https://www.fmscout.com/a-guide-to-player-roles-in-football-manager.html
role_weights_v2.0,GK,Sweeper Keeper,Support,Composure,4,1,5,role-defining/core,yes,0.75,0.85,0.93,1.0,,https://www.fmscout.com/a-guide-to-player-roles-in-football-manager.html
role_weights_v2.0,GK,Sweeper Keeper,Support,Decisions,4,1,5,role-defining/core,yes,0.75,0.85,0.93,1.0,,https://www.fmscout.com/a-guide-to-player-roles-in-football-manager.html
role_weights_v2.0,GK,Sweeper Keeper,Support,First Touch,3,0,3,important,no,,,,,,https://www.fmscout.com/a-guide-to-player-roles-in-football-manager.html
role_weights_v2.0,GK,Sweeper Keeper,Support,Handling,4,0,4,primary,no,,,,,,https://www.fmscout.com/a-guide-to-player-roles-in-football-manager.html
role_weights_v2.0,GK,Sweeper Keeper,Support,Kicking,3,0,3,important,no,,,,,,https://www.fmscout.com/a-guide-to-player-roles-in-football-manager.html
role_weights_v2.0,GK,Sweeper Keeper,Support,One on Ones,4,0,4,primary,no,,,,,,https://www.fmscout.com/a-guide-to-player-roles-in-football-manager.html
role_weights_v2.0,GK,Sweeper Keeper,Support,Pace,3,0,3,important,no,,,,,,https://www.fmscout.com/a-guide-to-player-roles-in-football-manager.html
role_weights_v2.0,GK,Sweeper Keeper,Support,Passing,3,1,4,primary,no,,,,,,https://www.fmscout.com/a-guide-to-player-roles-in-football-manager.html
role_weights_v2.0,GK,Sweeper Keeper,Support,Positioning,4,0,4,primary,no,,,,,,https://www.fmscout.com/a-guide-to-player-roles-in-football-manager.html
role_weights_v2.0,GK,Sweeper Keeper,Support,Reflexes,5,0,5,role-defining/core,yes,0.75,0.85,0.93,1.0,,https://www.fmscout.com/a-guide-to-player-roles-in-football-manager.html
role_weights_v2.0,GK,Sweeper Keeper,Support,Rushing Out,5,0,5,role-defining/core,yes,0.75,0.85,0.93,1.0,,https://www.fmscout.com/a-guide-to-player-roles-in-football-manager.html
role_weights_v2.0,GK,Sweeper Keeper,Support,Technique,2,0,2,useful,no,,,,,,https://www.fmscout.com/a-guide-to-player-roles-in-football-manager.html
role_weights_v2.0,GK,Sweeper Keeper,Support,Throwing,3,0,3,important,no,,,,,,https://www.fmscout.com/a-guide-to-player-roles-in-football-manager.html
role_weights_v2.0,MC,Box-to-Box Midfielder,Support,Acceleration,3,0,3,important,no,,,,,,https://www.fmscout.com/a-guide-to-player-roles-in-football-manager.html
role_weights_v2.0,MC,Box-to-Box Midfielder,Support,Anticipation,4,0,4,primary,no,,,,,,https://www.fmscout.com/a-guide-to-player-roles-in-football-manager.html
role_weights_v2.0,MC,Box-to-Box Midfielder,Support,Decisions,3,0,3,important,no,,,,,,https://www.fmscout.com/a-guide-to-player-roles-in-football-manager.html
role_weights_v2.0,MC,Box-to-Box Midfielder,Support,Finishing,2,0,2,useful,no,,,,,,https://www.fmscout.com/a-guide-to-player-roles-in-football-manager.html
role_weights_v2.0,MC,Box-to-Box Midfielder,Support,First Touch,3,0,3,important,no,,,,,,https://www.fmscout.com/a-guide-to-player-roles-in-football-manager.html
role_weights_v2.0,MC,Box-to-Box Midfielder,Support,Long Shots,2,0,2,useful,no,,,,,,https://www.fmscout.com/a-guide-to-player-roles-in-football-manager.html
role_weights_v2.0,MC,Box-to-Box Midfielder,Support,Off The Ball,4,0,4,primary,no,,,,,,https://www.fmscout.com/a-guide-to-player-roles-in-football-manager.html
role_weights_v2.0,MC,Box-to-Box Midfielder,Support,Passing,3,0,3,important,no,,,,,,https://www.fmscout.com/a-guide-to-player-roles-in-football-manager.html
role_weights_v2.0,MC,Box-to-Box Midfielder,Support,Positioning,3,0,3,important,no,,,,,,https://www.fmscout.com/a-guide-to-player-roles-in-football-manager.html
role_weights_v2.0,MC,Box-to-Box Midfielder,Support,Stamina,5,0,5,role-defining/core,yes,0.75,0.85,0.93,1.0,,https://www.fmscout.com/a-guide-to-player-roles-in-football-manager.html
role_weights_v2.0,MC,Box-to-Box Midfielder,Support,Strength,3,0,3,important,no,,,,,,https://www.fmscout.com/a-guide-to-player-roles-in-football-manager.html
role_weights_v2.0,MC,Box-to-Box Midfielder,Support,Tackling,3,0,3,important,no,,,,,,https://www.fmscout.com/a-guide-to-player-roles-in-football-manager.html
role_weights_v2.0,MC,Box-to-Box Midfielder,Support,Teamwork,4,0,4,primary,no,,,,,,https://www.fmscout.com/a-guide-to-player-roles-in-football-manager.html
role_weights_v2.0,MC,Box-to-Box Midfielder,Support,Work Rate,5,0,5,role-defining/core,yes,0.75,0.85,0.93,1.0,,https://www.fmscout.com/a-guide-to-player-roles-in-football-manager.html
role_weights_v2.0,MC,Carrilero,Support,Acceleration,2,0,2,useful,no,,,,,,https://www.fmscout.com/a-guide-to-player-roles-in-football-manager.html
role_weights_v2.0,MC,Carrilero,Support,Anticipation,4,0,4,primary,no,,,,,,https://www.fmscout.com/a-guide-to-player-roles-in-football-manager.html
role_weights_v2.0,MC,Carrilero,Support,Decisions,4,0,4,primary,no,,,,,,https://www.fmscout.com/a-guide-to-player-roles-in-football-manager.html
role_weights_v2.0,MC,Carrilero,Support,First Touch,3,0,3,important,no,,,,,,https://www.fmscout.com/a-guide-to-player-roles-in-football-manager.html
role_weights_v2.0,MC,Carrilero,Support,Off The Ball,3,0,3,important,no,,,,,,https://www.fmscout.com/a-guide-to-player-roles-in-football-manager.html
role_weights_v2.0,MC,Carrilero,Support,Passing,3,0,3,important,no,,,,,,https://www.fmscout.com/a-guide-to-player-roles-in-football-manager.html
role_weights_v2.0,MC,Carrilero,Support,Positioning,4,0,4,primary,no,,,,,,https://www.fmscout.com/a-guide-to-player-roles-in-football-manager.html
role_weights_v2.0,MC,Carrilero,Support,Stamina,5,0,5,role-defining/core,yes,0.75,0.85,0.93,1.0,,https://www.fmscout.com/a-guide-to-player-roles-in-football-manager.html
role_weights_v2.0,MC,Carrilero,Support,Tackling,3,0,3,important,no,,,,,,https://www.fmscout.com/a-guide-to-player-roles-in-football-manager.html
role_weights_v2.0,MC,Carrilero,Support,Teamwork,5,0,5,role-defining/core,yes,0.75,0.85,0.93,1.0,,https://www.fmscout.com/a-guide-to-player-roles-in-football-manager.html
role_weights_v2.0,MC,Carrilero,Support,Technique,2,0,2,useful,no,,,,,,https://www.fmscout.com/a-guide-to-player-roles-in-football-manager.html
role_weights_v2.0,MC,Carrilero,Support,Work Rate,5,0,5,role-defining/core,yes,0.75,0.85,0.93,1.0,,https://www.fmscout.com/a-guide-to-player-roles-in-football-manager.html
role_weights_v2.0,MC,Central Midfielder,Attack,Acceleration,0,1,1,marginal,no,,,,,,https://www.fmscout.com/a-guide-to-player-roles-in-football-manager.html
role_weights_v2.0,MC,Central Midfielder,Attack,Anticipation,3,0,3,important,no,,,,,,https://www.fmscout.com/a-guide-to-player-roles-in-football-manager.html
role_weights_v2.0,MC,Central Midfielder,Attack,Decisions,4,0,4,primary,no,,,,,,https://www.fmscout.com/a-guide-to-player-roles-in-football-manager.html
role_weights_v2.0,MC,Central Midfielder,Attack,Dribbling,0,1,1,marginal,no,,,,,,https://www.fmscout.com/a-guide-to-player-roles-in-football-manager.html
role_weights_v2.0,MC,Central Midfielder,Attack,Finishing,0,1,1,marginal,no,,,,,,https://www.fmscout.com/a-guide-to-player-roles-in-football-manager.html
role_weights_v2.0,MC,Central Midfielder,Attack,First Touch,3,0,3,important,no,,,,,,https://www.fmscout.com/a-guide-to-player-roles-in-football-manager.html
role_weights_v2.0,MC,Central Midfielder,Attack,Long Shots,0,1,1,marginal,no,,,,,,https://www.fmscout.com/a-guide-to-player-roles-in-football-manager.html
role_weights_v2.0,MC,Central Midfielder,Attack,Off The Ball,3,1,4,primary,no,,,,,,https://www.fmscout.com/a-guide-to-player-roles-in-football-manager.html
role_weights_v2.0,MC,Central Midfielder,Attack,Passing,4,0,4,primary,no,,,,,,https://www.fmscout.com/a-guide-to-player-roles-in-football-manager.html
role_weights_v2.0,MC,Central Midfielder,Attack,Positioning,3,0,3,important,no,,,,,,https://www.fmscout.com/a-guide-to-player-roles-in-football-manager.html
role_weights_v2.0,MC,Central Midfielder,Attack,Stamina,3,0,3,important,no,,,,,,https://www.fmscout.com/a-guide-to-player-roles-in-football-manager.html
role_weights_v2.0,MC,Central Midfielder,Attack,Tackling,3,0,3,important,no,,,,,,https://www.fmscout.com/a-guide-to-player-roles-in-football-manager.html
role_weights_v2.0,MC,Central Midfielder,Attack,Teamwork,4,0,4,primary,no,,,,,,https://www.fmscout.com/a-guide-to-player-roles-in-football-manager.html
role_weights_v2.0,MC,Central Midfielder,Attack,Technique,2,0,2,useful,no,,,,,,https://www.fmscout.com/a-guide-to-player-roles-in-football-manager.html
role_weights_v2.0,MC,Central Midfielder,Attack,Work Rate,4,0,4,primary,no,,,,,,https://www.fmscout.com/a-guide-to-player-roles-in-football-manager.html
role_weights_v2.0,MC,Central Midfielder,Defend,Anticipation,3,0,3,important,no,,,,,,https://www.fmscout.com/a-guide-to-player-roles-in-football-manager.html
role_weights_v2.0,MC,Central Midfielder,Defend,Concentration,0,1,1,marginal,no,,,,,,https://www.fmscout.com/a-guide-to-player-roles-in-football-manager.html
role_weights_v2.0,MC,Central Midfielder,Defend,Decisions,4,0,4,primary,no,,,,,,https://www.fmscout.com/a-guide-to-player-roles-in-football-manager.html
role_weights_v2.0,MC,Central Midfielder,Defend,First Touch,3,0,3,important,no,,,,,,https://www.fmscout.com/a-guide-to-player-roles-in-football-manager.html
role_weights_v2.0,MC,Central Midfielder,Defend,Marking,0,1,1,marginal,no,,,,,,https://www.fmscout.com/a-guide-to-player-roles-in-football-manager.html
role_weights_v2.0,MC,Central Midfielder,Defend,Off The Ball,3,0,3,important,no,,,,,,https://www.fmscout.com/a-guide-to-player-roles-in-football-manager.html
role_weights_v2.0,MC,Central Midfielder,Defend,Passing,4,0,4,primary,no,,,,,,https://www.fmscout.com/a-guide-to-player-roles-in-football-manager.html
role_weights_v2.0,MC,Central Midfielder,Defend,Positioning,3,1,4,primary,no,,,,,,https://www.fmscout.com/a-guide-to-player-roles-in-football-manager.html
role_weights_v2.0,MC,Central Midfielder,Defend,Stamina,3,0,3,important,no,,,,,,https://www.fmscout.com/a-guide-to-player-roles-in-football-manager.html
role_weights_v2.0,MC,Central Midfielder,Defend,Tackling,3,1,4,primary,no,,,,,,https://www.fmscout.com/a-guide-to-player-roles-in-football-manager.html
role_weights_v2.0,MC,Central Midfielder,Defend,Teamwork,4,0,4,primary,no,,,,,,https://www.fmscout.com/a-guide-to-player-roles-in-football-manager.html
role_weights_v2.0,MC,Central Midfielder,Defend,Technique,2,0,2,useful,no,,,,,,https://www.fmscout.com/a-guide-to-player-roles-in-football-manager.html
role_weights_v2.0,MC,Central Midfielder,Defend,Work Rate,4,0,4,primary,no,,,,,,https://www.fmscout.com/a-guide-to-player-roles-in-football-manager.html
role_weights_v2.0,MC,Central Midfielder,Support,Anticipation,3,0,3,important,no,,,,,,https://www.fmscout.com/a-guide-to-player-roles-in-football-manager.html
role_weights_v2.0,MC,Central Midfielder,Support,Decisions,4,1,5,role-defining/core,yes,0.75,0.85,0.93,1.0,,https://www.fmscout.com/a-guide-to-player-roles-in-football-manager.html
role_weights_v2.0,MC,Central Midfielder,Support,First Touch,3,1,4,primary,no,,,,,,https://www.fmscout.com/a-guide-to-player-roles-in-football-manager.html
role_weights_v2.0,MC,Central Midfielder,Support,Off The Ball,3,0,3,important,no,,,,,,https://www.fmscout.com/a-guide-to-player-roles-in-football-manager.html
role_weights_v2.0,MC,Central Midfielder,Support,Passing,4,1,5,role-defining/core,yes,0.75,0.85,0.93,1.0,,https://www.fmscout.com/a-guide-to-player-roles-in-football-manager.html
role_weights_v2.0,MC,Central Midfielder,Support,Positioning,3,0,3,important,no,,,,,,https://www.fmscout.com/a-guide-to-player-roles-in-football-manager.html
role_weights_v2.0,MC,Central Midfielder,Support,Stamina,3,0,3,important,no,,,,,,https://www.fmscout.com/a-guide-to-player-roles-in-football-manager.html
role_weights_v2.0,MC,Central Midfielder,Support,Tackling,3,0,3,important,no,,,,,,https://www.fmscout.com/a-guide-to-player-roles-in-football-manager.html
role_weights_v2.0,MC,Central Midfielder,Support,Teamwork,4,1,5,role-defining/core,yes,0.75,0.85,0.93,1.0,,https://www.fmscout.com/a-guide-to-player-roles-in-football-manager.html
role_weights_v2.0,MC,Central Midfielder,Support,Technique,2,0,2,useful,no,,,,,,https://www.fmscout.com/a-guide-to-player-roles-in-football-manager.html
role_weights_v2.0,MC,Central Midfielder,Support,Work Rate,4,0,4,primary,no,,,,,,https://www.fmscout.com/a-guide-to-player-roles-in-football-manager.html
role_weights_v2.0,MC,Mezzala,Attack,Acceleration,3,1,4,primary,no,,,,,,https://www.fmscout.com/a-guide-to-player-roles-in-football-manager.html
role_weights_v2.0,MC,Mezzala,Attack,Agility,3,0,3,important,no,,,,,,https://www.fmscout.com/a-guide-to-player-roles-in-football-manager.html
role_weights_v2.0,MC,Mezzala,Attack,Composure,3,1,4,primary,no,,,,,,https://www.fmscout.com/a-guide-to-player-roles-in-football-manager.html
role_weights_v2.0,MC,Mezzala,Attack,Decisions,4,0,4,primary,no,,,,,,https://www.fmscout.com/a-guide-to-player-roles-in-football-manager.html
role_weights_v2.0,MC,Mezzala,Attack,Dribbling,4,1,5,role-defining/core,yes,0.75,0.85,0.93,1.0,,https://www.fmscout.com/a-guide-to-player-roles-in-football-manager.html
role_weights_v2.0,MC,Mezzala,Attack,Finishing,2,1,3,important,no,,,,,,https://www.fmscout.com/a-guide-to-player-roles-in-football-manager.html
role_weights_v2.0,MC,Mezzala,Attack,First Touch,4,0,4,primary,no,,,,,,https://www.fmscout.com/a-guide-to-player-roles-in-football-manager.html
role_weights_v2.0,MC,Mezzala,Attack,Flair,4,0,4,primary,no,,,,,,https://www.fmscout.com/a-guide-to-player-roles-in-football-manager.html
role_weights_v2.0,MC,Mezzala,Attack,Off The Ball,5,1,5,role-defining/core,yes,0.75,0.85,0.93,1.0,,https://www.fmscout.com/a-guide-to-player-roles-in-football-manager.html
role_weights_v2.0,MC,Mezzala,Attack,Passing,4,0,4,primary,no,,,,,,https://www.fmscout.com/a-guide-to-player-roles-in-football-manager.html
role_weights_v2.0,MC,Mezzala,Attack,Stamina,3,0,3,important,no,,,,,,https://www.fmscout.com/a-guide-to-player-roles-in-football-manager.html
role_weights_v2.0,MC,Mezzala,Attack,Technique,4,0,4,primary,no,,,,,,https://www.fmscout.com/a-guide-to-player-roles-in-football-manager.html
role_weights_v2.0,MC,Mezzala,Attack,Vision,3,0,3,important,no,,,,,,https://www.fmscout.com/a-guide-to-player-roles-in-football-manager.html
role_weights_v2.0,MC,Mezzala,Attack,Work Rate,3,0,3,important,no,,,,,,https://www.fmscout.com/a-guide-to-player-roles-in-football-manager.html
role_weights_v2.0,MC,Mezzala,Support,Acceleration,3,0,3,important,no,,,,,,https://www.fmscout.com/a-guide-to-player-roles-in-football-manager.html
role_weights_v2.0,MC,Mezzala,Support,Agility,3,0,3,important,no,,,,,,https://www.fmscout.com/a-guide-to-player-roles-in-football-manager.html
role_weights_v2.0,MC,Mezzala,Support,Composure,3,0,3,important,no,,,,,,https://www.fmscout.com/a-guide-to-player-roles-in-football-manager.html
role_weights_v2.0,MC,Mezzala,Support,Decisions,4,0,4,primary,no,,,,,,https://www.fmscout.com/a-guide-to-player-roles-in-football-manager.html
role_weights_v2.0,MC,Mezzala,Support,Dribbling,4,0,4,primary,no,,,,,,https://www.fmscout.com/a-guide-to-player-roles-in-football-manager.html
role_weights_v2.0,MC,Mezzala,Support,Finishing,2,0,2,useful,no,,,,,,https://www.fmscout.com/a-guide-to-player-roles-in-football-manager.html
role_weights_v2.0,MC,Mezzala,Support,First Touch,4,0,4,primary,no,,,,,,https://www.fmscout.com/a-guide-to-player-roles-in-football-manager.html
role_weights_v2.0,MC,Mezzala,Support,Flair,4,0,4,primary,no,,,,,,https://www.fmscout.com/a-guide-to-player-roles-in-football-manager.html
role_weights_v2.0,MC,Mezzala,Support,Off The Ball,5,0,5,role-defining/core,yes,0.75,0.85,0.93,1.0,,https://www.fmscout.com/a-guide-to-player-roles-in-football-manager.html
role_weights_v2.0,MC,Mezzala,Support,Passing,4,1,5,role-defining/core,yes,0.75,0.85,0.93,1.0,,https://www.fmscout.com/a-guide-to-player-roles-in-football-manager.html
role_weights_v2.0,MC,Mezzala,Support,Stamina,3,0,3,important,no,,,,,,https://www.fmscout.com/a-guide-to-player-roles-in-football-manager.html
role_weights_v2.0,MC,Mezzala,Support,Teamwork,0,1,1,marginal,no,,,,,,https://www.fmscout.com/a-guide-to-player-roles-in-football-manager.html
role_weights_v2.0,MC,Mezzala,Support,Technique,4,0,4,primary,no,,,,,,https://www.fmscout.com/a-guide-to-player-roles-in-football-manager.html
role_weights_v2.0,MC,Mezzala,Support,Vision,3,1,4,primary,no,,,,,,https://www.fmscout.com/a-guide-to-player-roles-in-football-manager.html
role_weights_v2.0,MC,Mezzala,Support,Work Rate,3,0,3,important,no,,,,,,https://www.fmscout.com/a-guide-to-player-roles-in-football-manager.html
role_weights_v2.0,MC/AMC,Advanced Playmaker,Attack,Acceleration,0,1,1,marginal,no,,,,,,https://www.fmscout.com/a-guide-to-player-roles-in-football-manager.html
role_weights_v2.0,MC/AMC,Advanced Playmaker,Attack,Agility,3,0,3,important,no,,,,,,https://www.fmscout.com/a-guide-to-player-roles-in-football-manager.html
role_weights_v2.0,MC/AMC,Advanced Playmaker,Attack,Anticipation,2,0,2,useful,no,,,,,,https://www.fmscout.com/a-guide-to-player-roles-in-football-manager.html
role_weights_v2.0,MC/AMC,Advanced Playmaker,Attack,Composure,4,1,5,role-defining/core,yes,0.75,0.85,0.93,1.0,,https://www.fmscout.com/a-guide-to-player-roles-in-football-manager.html
role_weights_v2.0,MC/AMC,Advanced Playmaker,Attack,Decisions,4,0,4,primary,no,,,,,,https://www.fmscout.com/a-guide-to-player-roles-in-football-manager.html
role_weights_v2.0,MC/AMC,Advanced Playmaker,Attack,Dribbling,3,1,4,primary,no,,,,,,https://www.fmscout.com/a-guide-to-player-roles-in-football-manager.html
role_weights_v2.0,MC/AMC,Advanced Playmaker,Attack,First Touch,5,0,5,role-defining/core,yes,0.75,0.85,0.93,1.0,,https://www.fmscout.com/a-guide-to-player-roles-in-football-manager.html
role_weights_v2.0,MC/AMC,Advanced Playmaker,Attack,Flair,4,0,4,primary,no,,,,,,https://www.fmscout.com/a-guide-to-player-roles-in-football-manager.html
role_weights_v2.0,MC/AMC,Advanced Playmaker,Attack,Off The Ball,3,1,4,primary,no,,,,,,https://www.fmscout.com/a-guide-to-player-roles-in-football-manager.html
role_weights_v2.0,MC/AMC,Advanced Playmaker,Attack,Passing,5,0,5,role-defining/core,yes,0.75,0.85,0.93,1.0,,https://www.fmscout.com/a-guide-to-player-roles-in-football-manager.html
role_weights_v2.0,MC/AMC,Advanced Playmaker,Attack,Technique,5,0,5,role-defining/core,yes,0.75,0.85,0.93,1.0,,https://www.fmscout.com/a-guide-to-player-roles-in-football-manager.html
role_weights_v2.0,MC/AMC,Advanced Playmaker,Attack,Vision,5,0,5,role-defining/core,yes,0.75,0.85,0.93,1.0,,https://www.fmscout.com/a-guide-to-player-roles-in-football-manager.html
role_weights_v2.0,MC/AMC,Advanced Playmaker,Support,Agility,3,0,3,important,no,,,,,,https://www.fmscout.com/a-guide-to-player-roles-in-football-manager.html
role_weights_v2.0,MC/AMC,Advanced Playmaker,Support,Anticipation,2,0,2,useful,no,,,,,,https://www.fmscout.com/a-guide-to-player-roles-in-football-manager.html
role_weights_v2.0,MC/AMC,Advanced Playmaker,Support,Composure,4,0,4,primary,no,,,,,,https://www.fmscout.com/a-guide-to-player-roles-in-football-manager.html
role_weights_v2.0,MC/AMC,Advanced Playmaker,Support,Decisions,4,0,4,primary,no,,,,,,https://www.fmscout.com/a-guide-to-player-roles-in-football-manager.html
role_weights_v2.0,MC/AMC,Advanced Playmaker,Support,Dribbling,3,0,3,important,no,,,,,,https://www.fmscout.com/a-guide-to-player-roles-in-football-manager.html
role_weights_v2.0,MC/AMC,Advanced Playmaker,Support,First Touch,5,0,5,role-defining/core,yes,0.75,0.85,0.93,1.0,,https://www.fmscout.com/a-guide-to-player-roles-in-football-manager.html
role_weights_v2.0,MC/AMC,Advanced Playmaker,Support,Flair,4,0,4,primary,no,,,,,,https://www.fmscout.com/a-guide-to-player-roles-in-football-manager.html
role_weights_v2.0,MC/AMC,Advanced Playmaker,Support,Off The Ball,3,0,3,important,no,,,,,,https://www.fmscout.com/a-guide-to-player-roles-in-football-manager.html
role_weights_v2.0,MC/AMC,Advanced Playmaker,Support,Passing,5,1,5,role-defining/core,yes,0.75,0.85,0.93,1.0,,https://www.fmscout.com/a-guide-to-player-roles-in-football-manager.html
role_weights_v2.0,MC/AMC,Advanced Playmaker,Support,Teamwork,0,1,1,marginal,no,,,,,,https://www.fmscout.com/a-guide-to-player-roles-in-football-manager.html
role_weights_v2.0,MC/AMC,Advanced Playmaker,Support,Technique,5,0,5,role-defining/core,yes,0.75,0.85,0.93,1.0,,https://www.fmscout.com/a-guide-to-player-roles-in-football-manager.html
role_weights_v2.0,MC/AMC,Advanced Playmaker,Support,Vision,5,1,5,role-defining/core,yes,0.75,0.85,0.93,1.0,,https://www.fmscout.com/a-guide-to-player-roles-in-football-manager.html
role_weights_v2.0,ML/MR,Defensive Winger,Defend,Acceleration,3,0,3,important,no,,,,,,https://www.fmscout.com/a-guide-to-player-roles-in-football-manager.html
role_weights_v2.0,ML/MR,Defensive Winger,Defend,Aggression,4,0,4,primary,no,,,,,,https://www.fmscout.com/a-guide-to-player-roles-in-football-manager.html
role_weights_v2.0,ML/MR,Defensive Winger,Defend,Anticipation,3,1,4,primary,no,,,,,,https://www.fmscout.com/a-guide-to-player-roles-in-football-manager.html
role_weights_v2.0,ML/MR,Defensive Winger,Defend,Crossing,3,0,3,important,no,,,,,,https://www.fmscout.com/a-guide-to-player-roles-in-football-manager.html
role_weights_v2.0,ML/MR,Defensive Winger,Defend,Decisions,3,0,3,important,no,,,,,,https://www.fmscout.com/a-guide-to-player-roles-in-football-manager.html
role_weights_v2.0,ML/MR,Defensive Winger,Defend,Pace,3,0,3,important,no,,,,,,https://www.fmscout.com/a-guide-to-player-roles-in-football-manager.html
role_weights_v2.0,ML/MR,Defensive Winger,Defend,Passing,3,0,3,important,no,,,,,,https://www.fmscout.com/a-guide-to-player-roles-in-football-manager.html
role_weights_v2.0,ML/MR,Defensive Winger,Defend,Positioning,3,1,4,primary,no,,,,,,https://www.fmscout.com/a-guide-to-player-roles-in-football-manager.html
role_weights_v2.0,ML/MR,Defensive Winger,Defend,Stamina,5,0,5,role-defining/core,yes,0.75,0.85,0.93,1.0,,https://www.fmscout.com/a-guide-to-player-roles-in-football-manager.html
role_weights_v2.0,ML/MR,Defensive Winger,Defend,Tackling,4,1,5,role-defining/core,yes,0.75,0.85,0.93,1.0,,https://www.fmscout.com/a-guide-to-player-roles-in-football-manager.html
role_weights_v2.0,ML/MR,Defensive Winger,Defend,Teamwork,4,0,4,primary,no,,,,,,https://www.fmscout.com/a-guide-to-player-roles-in-football-manager.html
role_weights_v2.0,ML/MR,Defensive Winger,Defend,Work Rate,5,0,5,role-defining/core,yes,0.75,0.85,0.93,1.0,,https://www.fmscout.com/a-guide-to-player-roles-in-football-manager.html
role_weights_v2.0,ML/MR,Defensive Winger,Support,Acceleration,3,0,3,important,no,,,,,,https://www.fmscout.com/a-guide-to-player-roles-in-football-manager.html
role_weights_v2.0,ML/MR,Defensive Winger,Support,Aggression,4,0,4,primary,no,,,,,,https://www.fmscout.com/a-guide-to-player-roles-in-football-manager.html
role_weights_v2.0,ML/MR,Defensive Winger,Support,Anticipation,3,0,3,important,no,,,,,,https://www.fmscout.com/a-guide-to-player-roles-in-football-manager.html
role_weights_v2.0,ML/MR,Defensive Winger,Support,Crossing,3,1,4,primary,no,,,,,,https://www.fmscout.com/a-guide-to-player-roles-in-football-manager.html
role_weights_v2.0,ML/MR,Defensive Winger,Support,Decisions,3,0,3,important,no,,,,,,https://www.fmscout.com/a-guide-to-player-roles-in-football-manager.html
role_weights_v2.0,ML/MR,Defensive Winger,Support,Pace,3,1,4,primary,no,,,,,,https://www.fmscout.com/a-guide-to-player-roles-in-football-manager.html
role_weights_v2.0,ML/MR,Defensive Winger,Support,Passing,3,1,4,primary,no,,,,,,https://www.fmscout.com/a-guide-to-player-roles-in-football-manager.html
role_weights_v2.0,ML/MR,Defensive Winger,Support,Positioning,3,0,3,important,no,,,,,,https://www.fmscout.com/a-guide-to-player-roles-in-football-manager.html
role_weights_v2.0,ML/MR,Defensive Winger,Support,Stamina,5,0,5,role-defining/core,yes,0.75,0.85,0.93,1.0,,https://www.fmscout.com/a-guide-to-player-roles-in-football-manager.html
role_weights_v2.0,ML/MR,Defensive Winger,Support,Tackling,4,0,4,primary,no,,,,,,https://www.fmscout.com/a-guide-to-player-roles-in-football-manager.html
role_weights_v2.0,ML/MR,Defensive Winger,Support,Teamwork,4,0,4,primary,no,,,,,,https://www.fmscout.com/a-guide-to-player-roles-in-football-manager.html
role_weights_v2.0,ML/MR,Defensive Winger,Support,Work Rate,5,0,5,role-defining/core,yes,0.75,0.85,0.93,1.0,,https://www.fmscout.com/a-guide-to-player-roles-in-football-manager.html
role_weights_v2.0,ML/MR,Wide Midfielder,Attack,Acceleration,3,0,3,important,no,,,,,,https://www.fmscout.com/a-guide-to-player-roles-in-football-manager.html
role_weights_v2.0,ML/MR,Wide Midfielder,Attack,Crossing,4,0,4,primary,no,,,,,,https://www.fmscout.com/a-guide-to-player-roles-in-football-manager.html
role_weights_v2.0,ML/MR,Wide Midfielder,Attack,Decisions,3,0,3,important,no,,,,,,https://www.fmscout.com/a-guide-to-player-roles-in-football-manager.html
role_weights_v2.0,ML/MR,Wide Midfielder,Attack,First Touch,2,0,2,useful,no,,,,,,https://www.fmscout.com/a-guide-to-player-roles-in-football-manager.html
role_weights_v2.0,ML/MR,Wide Midfielder,Attack,Off The Ball,3,0,3,important,no,,,,,,https://www.fmscout.com/a-guide-to-player-roles-in-football-manager.html
role_weights_v2.0,ML/MR,Wide Midfielder,Attack,Pace,3,0,3,important,no,,,,,,https://www.fmscout.com/a-guide-to-player-roles-in-football-manager.html
role_weights_v2.0,ML/MR,Wide Midfielder,Attack,Passing,3,0,3,important,no,,,,,,https://www.fmscout.com/a-guide-to-player-roles-in-football-manager.html
role_weights_v2.0,ML/MR,Wide Midfielder,Attack,Positioning,3,0,3,important,no,,,,,,https://www.fmscout.com/a-guide-to-player-roles-in-football-manager.html
role_weights_v2.0,ML/MR,Wide Midfielder,Attack,Stamina,4,0,4,primary,no,,,,,,https://www.fmscout.com/a-guide-to-player-roles-in-football-manager.html
role_weights_v2.0,ML/MR,Wide Midfielder,Attack,Tackling,3,0,3,important,no,,,,,,https://www.fmscout.com/a-guide-to-player-roles-in-football-manager.html
role_weights_v2.0,ML/MR,Wide Midfielder,Attack,Teamwork,4,0,4,primary,no,,,,,,https://www.fmscout.com/a-guide-to-player-roles-in-football-manager.html
role_weights_v2.0,ML/MR,Wide Midfielder,Attack,Work Rate,4,0,4,primary,no,,,,,,https://www.fmscout.com/a-guide-to-player-roles-in-football-manager.html
role_weights_v2.0,ML/MR,Wide Midfielder,Defend,Acceleration,3,0,3,important,no,,,,,,https://www.fmscout.com/a-guide-to-player-roles-in-football-manager.html
role_weights_v2.0,ML/MR,Wide Midfielder,Defend,Crossing,4,0,4,primary,no,,,,,,https://www.fmscout.com/a-guide-to-player-roles-in-football-manager.html
role_weights_v2.0,ML/MR,Wide Midfielder,Defend,Decisions,3,0,3,important,no,,,,,,https://www.fmscout.com/a-guide-to-player-roles-in-football-manager.html
role_weights_v2.0,ML/MR,Wide Midfielder,Defend,First Touch,2,0,2,useful,no,,,,,,https://www.fmscout.com/a-guide-to-player-roles-in-football-manager.html
role_weights_v2.0,ML/MR,Wide Midfielder,Defend,Off The Ball,3,0,3,important,no,,,,,,https://www.fmscout.com/a-guide-to-player-roles-in-football-manager.html
role_weights_v2.0,ML/MR,Wide Midfielder,Defend,Pace,3,0,3,important,no,,,,,,https://www.fmscout.com/a-guide-to-player-roles-in-football-manager.html
role_weights_v2.0,ML/MR,Wide Midfielder,Defend,Passing,3,0,3,important,no,,,,,,https://www.fmscout.com/a-guide-to-player-roles-in-football-manager.html
role_weights_v2.0,ML/MR,Wide Midfielder,Defend,Positioning,3,0,3,important,no,,,,,,https://www.fmscout.com/a-guide-to-player-roles-in-football-manager.html
role_weights_v2.0,ML/MR,Wide Midfielder,Defend,Stamina,4,0,4,primary,no,,,,,,https://www.fmscout.com/a-guide-to-player-roles-in-football-manager.html
role_weights_v2.0,ML/MR,Wide Midfielder,Defend,Tackling,3,0,3,important,no,,,,,,https://www.fmscout.com/a-guide-to-player-roles-in-football-manager.html
role_weights_v2.0,ML/MR,Wide Midfielder,Defend,Teamwork,4,0,4,primary,no,,,,,,https://www.fmscout.com/a-guide-to-player-roles-in-football-manager.html
role_weights_v2.0,ML/MR,Wide Midfielder,Defend,Work Rate,4,0,4,primary,no,,,,,,https://www.fmscout.com/a-guide-to-player-roles-in-football-manager.html
role_weights_v2.0,ML/MR,Wide Midfielder,Support,Acceleration,3,0,3,important,no,,,,,,https://www.fmscout.com/a-guide-to-player-roles-in-football-manager.html
role_weights_v2.0,ML/MR,Wide Midfielder,Support,Crossing,4,0,4,primary,no,,,,,,https://www.fmscout.com/a-guide-to-player-roles-in-football-manager.html
role_weights_v2.0,ML/MR,Wide Midfielder,Support,Decisions,3,0,3,important,no,,,,,,https://www.fmscout.com/a-guide-to-player-roles-in-football-manager.html
role_weights_v2.0,ML/MR,Wide Midfielder,Support,First Touch,2,0,2,useful,no,,,,,,https://www.fmscout.com/a-guide-to-player-roles-in-football-manager.html
role_weights_v2.0,ML/MR,Wide Midfielder,Support,Off The Ball,3,0,3,important,no,,,,,,https://www.fmscout.com/a-guide-to-player-roles-in-football-manager.html
role_weights_v2.0,ML/MR,Wide Midfielder,Support,Pace,3,0,3,important,no,,,,,,https://www.fmscout.com/a-guide-to-player-roles-in-football-manager.html
role_weights_v2.0,ML/MR,Wide Midfielder,Support,Passing,3,0,3,important,no,,,,,,https://www.fmscout.com/a-guide-to-player-roles-in-football-manager.html
role_weights_v2.0,ML/MR,Wide Midfielder,Support,Positioning,3,0,3,important,no,,,,,,https://www.fmscout.com/a-guide-to-player-roles-in-football-manager.html
role_weights_v2.0,ML/MR,Wide Midfielder,Support,Stamina,4,0,4,primary,no,,,,,,https://www.fmscout.com/a-guide-to-player-roles-in-football-manager.html
role_weights_v2.0,ML/MR,Wide Midfielder,Support,Tackling,3,0,3,important,no,,,,,,https://www.fmscout.com/a-guide-to-player-roles-in-football-manager.html
role_weights_v2.0,ML/MR,Wide Midfielder,Support,Teamwork,4,0,4,primary,no,,,,,,https://www.fmscout.com/a-guide-to-player-roles-in-football-manager.html
role_weights_v2.0,ML/MR,Wide Midfielder,Support,Work Rate,4,0,4,primary,no,,,,,,https://www.fmscout.com/a-guide-to-player-roles-in-football-manager.html
role_weights_v2.0,ML/MR/AML/AMR,Inverted Winger,Attack,Acceleration,4,1,5,role-defining/core,yes,0.75,0.85,0.93,1.0,,https://www.fmscout.com/a-guide-to-player-roles-in-football-manager.html
role_weights_v2.0,ML/MR/AML/AMR,Inverted Winger,Attack,Agility,3,0,3,important,no,,,,,,https://www.fmscout.com/a-guide-to-player-roles-in-football-manager.html
role_weights_v2.0,ML/MR/AML/AMR,Inverted Winger,Attack,Crossing,3,0,3,important,no,,,,,,https://www.fmscout.com/a-guide-to-player-roles-in-football-manager.html
role_weights_v2.0,ML/MR/AML/AMR,Inverted Winger,Attack,Decisions,4,0,4,primary,no,,,,,,https://www.fmscout.com/a-guide-to-player-roles-in-football-manager.html
role_weights_v2.0,ML/MR/AML/AMR,Inverted Winger,Attack,Dribbling,5,1,5,role-defining/core,yes,0.75,0.85,0.93,1.0,,https://www.fmscout.com/a-guide-to-player-roles-in-football-manager.html
role_weights_v2.0,ML/MR/AML/AMR,Inverted Winger,Attack,Finishing,0,2,2,useful,no,,,,,,https://www.fmscout.com/a-guide-to-player-roles-in-football-manager.html
role_weights_v2.0,ML/MR/AML/AMR,Inverted Winger,Attack,First Touch,4,0,4,primary,no,,,,,,https://www.fmscout.com/a-guide-to-player-roles-in-football-manager.html
role_weights_v2.0,ML/MR/AML/AMR,Inverted Winger,Attack,Flair,3,0,3,important,no,,,,,,https://www.fmscout.com/a-guide-to-player-roles-in-football-manager.html
role_weights_v2.0,ML/MR/AML/AMR,Inverted Winger,Attack,Long Shots,0,2,2,useful,no,,,,,,https://www.fmscout.com/a-guide-to-player-roles-in-football-manager.html
role_weights_v2.0,ML/MR/AML/AMR,Inverted Winger,Attack,Off The Ball,4,1,5,role-defining/core,yes,0.75,0.85,0.93,1.0,,https://www.fmscout.com/a-guide-to-player-roles-in-football-manager.html
role_weights_v2.0,ML/MR/AML/AMR,Inverted Winger,Attack,Pace,4,0,4,primary,no,,,,,,https://www.fmscout.com/a-guide-to-player-roles-in-football-manager.html
role_weights_v2.0,ML/MR/AML/AMR,Inverted Winger,Attack,Passing,4,0,4,primary,no,,,,,,https://www.fmscout.com/a-guide-to-player-roles-in-football-manager.html
role_weights_v2.0,ML/MR/AML/AMR,Inverted Winger,Attack,Technique,4,0,4,primary,no,,,,,,https://www.fmscout.com/a-guide-to-player-roles-in-football-manager.html
role_weights_v2.0,ML/MR/AML/AMR,Inverted Winger,Attack,Vision,3,0,3,important,no,,,,,,https://www.fmscout.com/a-guide-to-player-roles-in-football-manager.html
role_weights_v2.0,ML/MR/AML/AMR,Inverted Winger,Support,Acceleration,4,0,4,primary,no,,,,,,https://www.fmscout.com/a-guide-to-player-roles-in-football-manager.html
role_weights_v2.0,ML/MR/AML/AMR,Inverted Winger,Support,Agility,3,0,3,important,no,,,,,,https://www.fmscout.com/a-guide-to-player-roles-in-football-manager.html
role_weights_v2.0,ML/MR/AML/AMR,Inverted Winger,Support,Crossing,3,0,3,important,no,,,,,,https://www.fmscout.com/a-guide-to-player-roles-in-football-manager.html
role_weights_v2.0,ML/MR/AML/AMR,Inverted Winger,Support,Decisions,4,0,4,primary,no,,,,,,https://www.fmscout.com/a-guide-to-player-roles-in-football-manager.html
role_weights_v2.0,ML/MR/AML/AMR,Inverted Winger,Support,Dribbling,5,0,5,role-defining/core,yes,0.75,0.85,0.93,1.0,,https://www.fmscout.com/a-guide-to-player-roles-in-football-manager.html
role_weights_v2.0,ML/MR/AML/AMR,Inverted Winger,Support,First Touch,4,0,4,primary,no,,,,,,https://www.fmscout.com/a-guide-to-player-roles-in-football-manager.html
role_weights_v2.0,ML/MR/AML/AMR,Inverted Winger,Support,Flair,3,0,3,important,no,,,,,,https://www.fmscout.com/a-guide-to-player-roles-in-football-manager.html
role_weights_v2.0,ML/MR/AML/AMR,Inverted Winger,Support,Off The Ball,4,0,4,primary,no,,,,,,https://www.fmscout.com/a-guide-to-player-roles-in-football-manager.html
role_weights_v2.0,ML/MR/AML/AMR,Inverted Winger,Support,Pace,4,0,4,primary,no,,,,,,https://www.fmscout.com/a-guide-to-player-roles-in-football-manager.html
role_weights_v2.0,ML/MR/AML/AMR,Inverted Winger,Support,Passing,4,1,5,role-defining/core,yes,0.75,0.85,0.93,1.0,,https://www.fmscout.com/a-guide-to-player-roles-in-football-manager.html
role_weights_v2.0,ML/MR/AML/AMR,Inverted Winger,Support,Teamwork,0,1,1,marginal,no,,,,,,https://www.fmscout.com/a-guide-to-player-roles-in-football-manager.html
role_weights_v2.0,ML/MR/AML/AMR,Inverted Winger,Support,Technique,4,0,4,primary,no,,,,,,https://www.fmscout.com/a-guide-to-player-roles-in-football-manager.html
role_weights_v2.0,ML/MR/AML/AMR,Inverted Winger,Support,Vision,3,1,4,primary,no,,,,,,https://www.fmscout.com/a-guide-to-player-roles-in-football-manager.html
role_weights_v2.0,ML/MR/AML/AMR,Wide Playmaker,Attack,Acceleration,0,1,1,marginal,no,,,,,,https://www.fmscout.com/a-guide-to-player-roles-in-football-manager.html
role_weights_v2.0,ML/MR/AML/AMR,Wide Playmaker,Attack,Agility,3,0,3,important,no,,,,,,https://www.fmscout.com/a-guide-to-player-roles-in-football-manager.html
role_weights_v2.0,ML/MR/AML/AMR,Wide Playmaker,Attack,Composure,4,0,4,primary,no,,,,,,https://www.fmscout.com/a-guide-to-player-roles-in-football-manager.html
role_weights_v2.0,ML/MR/AML/AMR,Wide Playmaker,Attack,Decisions,4,0,4,primary,no,,,,,,https://www.fmscout.com/a-guide-to-player-roles-in-football-manager.html
role_weights_v2.0,ML/MR/AML/AMR,Wide Playmaker,Attack,Dribbling,3,1,4,primary,no,,,,,,https://www.fmscout.com/a-guide-to-player-roles-in-football-manager.html
role_weights_v2.0,ML/MR/AML/AMR,Wide Playmaker,Attack,First Touch,4,0,4,primary,no,,,,,,https://www.fmscout.com/a-guide-to-player-roles-in-football-manager.html
role_weights_v2.0,ML/MR/AML/AMR,Wide Playmaker,Attack,Flair,4,0,4,primary,no,,,,,,https://www.fmscout.com/a-guide-to-player-roles-in-football-manager.html
role_weights_v2.0,ML/MR/AML/AMR,Wide Playmaker,Attack,Off The Ball,3,1,4,primary,no,,,,,,https://www.fmscout.com/a-guide-to-player-roles-in-football-manager.html
role_weights_v2.0,ML/MR/AML/AMR,Wide Playmaker,Attack,Passing,5,0,5,role-defining/core,yes,0.75,0.85,0.93,1.0,,https://www.fmscout.com/a-guide-to-player-roles-in-football-manager.html
role_weights_v2.0,ML/MR/AML/AMR,Wide Playmaker,Attack,Technique,5,0,5,role-defining/core,yes,0.75,0.85,0.93,1.0,,https://www.fmscout.com/a-guide-to-player-roles-in-football-manager.html
role_weights_v2.0,ML/MR/AML/AMR,Wide Playmaker,Attack,Vision,5,0,5,role-defining/core,yes,0.75,0.85,0.93,1.0,,https://www.fmscout.com/a-guide-to-player-roles-in-football-manager.html
role_weights_v2.0,ML/MR/AML/AMR,Wide Playmaker,Support,Agility,3,0,3,important,no,,,,,,https://www.fmscout.com/a-guide-to-player-roles-in-football-manager.html
role_weights_v2.0,ML/MR/AML/AMR,Wide Playmaker,Support,Composure,4,0,4,primary,no,,,,,,https://www.fmscout.com/a-guide-to-player-roles-in-football-manager.html
role_weights_v2.0,ML/MR/AML/AMR,Wide Playmaker,Support,Decisions,4,0,4,primary,no,,,,,,https://www.fmscout.com/a-guide-to-player-roles-in-football-manager.html
role_weights_v2.0,ML/MR/AML/AMR,Wide Playmaker,Support,Dribbling,3,0,3,important,no,,,,,,https://www.fmscout.com/a-guide-to-player-roles-in-football-manager.html
role_weights_v2.0,ML/MR/AML/AMR,Wide Playmaker,Support,First Touch,4,0,4,primary,no,,,,,,https://www.fmscout.com/a-guide-to-player-roles-in-football-manager.html
role_weights_v2.0,ML/MR/AML/AMR,Wide Playmaker,Support,Flair,4,0,4,primary,no,,,,,,https://www.fmscout.com/a-guide-to-player-roles-in-football-manager.html
role_weights_v2.0,ML/MR/AML/AMR,Wide Playmaker,Support,Off The Ball,3,0,3,important,no,,,,,,https://www.fmscout.com/a-guide-to-player-roles-in-football-manager.html
role_weights_v2.0,ML/MR/AML/AMR,Wide Playmaker,Support,Passing,5,0,5,role-defining/core,yes,0.75,0.85,0.93,1.0,,https://www.fmscout.com/a-guide-to-player-roles-in-football-manager.html
role_weights_v2.0,ML/MR/AML/AMR,Wide Playmaker,Support,Technique,5,0,5,role-defining/core,yes,0.75,0.85,0.93,1.0,,https://www.fmscout.com/a-guide-to-player-roles-in-football-manager.html
role_weights_v2.0,ML/MR/AML/AMR,Wide Playmaker,Support,Vision,5,0,5,role-defining/core,yes,0.75,0.85,0.93,1.0,,https://www.fmscout.com/a-guide-to-player-roles-in-football-manager.html
role_weights_v2.0,ML/MR/AML/AMR,Wide Target Man,Attack,Anticipation,3,0,3,important,no,,,,,,https://www.fmscout.com/a-guide-to-player-roles-in-football-manager.html
role_weights_v2.0,ML/MR/AML/AMR,Wide Target Man,Attack,Balance,4,0,4,primary,no,,,,,,https://www.fmscout.com/a-guide-to-player-roles-in-football-manager.html
role_weights_v2.0,ML/MR/AML/AMR,Wide Target Man,Attack,Bravery,4,0,4,primary,no,,,,,,https://www.fmscout.com/a-guide-to-player-roles-in-football-manager.html
role_weights_v2.0,ML/MR/AML/AMR,Wide Target Man,Attack,Composure,0,1,1,marginal,no,,,,,,https://www.fmscout.com/a-guide-to-player-roles-in-football-manager.html
role_weights_v2.0,ML/MR/AML/AMR,Wide Target Man,Attack,Finishing,0,1,1,marginal,no,,,,,,https://www.fmscout.com/a-guide-to-player-roles-in-football-manager.html
role_weights_v2.0,ML/MR/AML/AMR,Wide Target Man,Attack,First Touch,4,0,4,primary,no,,,,,,https://www.fmscout.com/a-guide-to-player-roles-in-football-manager.html
role_weights_v2.0,ML/MR/AML/AMR,Wide Target Man,Attack,Heading,5,0,5,role-defining/core,yes,0.75,0.85,0.93,1.0,,https://www.fmscout.com/a-guide-to-player-roles-in-football-manager.html
role_weights_v2.0,ML/MR/AML/AMR,Wide Target Man,Attack,Jumping Reach,5,0,5,role-defining/core,yes,0.75,0.85,0.93,1.0,,https://www.fmscout.com/a-guide-to-player-roles-in-football-manager.html
role_weights_v2.0,ML/MR/AML/AMR,Wide Target Man,Attack,Off The Ball,3,1,4,primary,no,,,,,,https://www.fmscout.com/a-guide-to-player-roles-in-football-manager.html
role_weights_v2.0,ML/MR/AML/AMR,Wide Target Man,Attack,Passing,3,0,3,important,no,,,,,,https://www.fmscout.com/a-guide-to-player-roles-in-football-manager.html
role_weights_v2.0,ML/MR/AML/AMR,Wide Target Man,Attack,Strength,5,0,5,role-defining/core,yes,0.75,0.85,0.93,1.0,,https://www.fmscout.com/a-guide-to-player-roles-in-football-manager.html
role_weights_v2.0,ML/MR/AML/AMR,Wide Target Man,Attack,Teamwork,3,0,3,important,no,,,,,,https://www.fmscout.com/a-guide-to-player-roles-in-football-manager.html
role_weights_v2.0,ML/MR/AML/AMR,Wide Target Man,Support,Anticipation,3,0,3,important,no,,,,,,https://www.fmscout.com/a-guide-to-player-roles-in-football-manager.html
role_weights_v2.0,ML/MR/AML/AMR,Wide Target Man,Support,Balance,4,0,4,primary,no,,,,,,https://www.fmscout.com/a-guide-to-player-roles-in-football-manager.html
role_weights_v2.0,ML/MR/AML/AMR,Wide Target Man,Support,Bravery,4,0,4,primary,no,,,,,,https://www.fmscout.com/a-guide-to-player-roles-in-football-manager.html
role_weights_v2.0,ML/MR/AML/AMR,Wide Target Man,Support,First Touch,4,1,5,role-defining/core,yes,0.75,0.85,0.93,1.0,,https://www.fmscout.com/a-guide-to-player-roles-in-football-manager.html
role_weights_v2.0,ML/MR/AML/AMR,Wide Target Man,Support,Heading,5,0,5,role-defining/core,yes,0.75,0.85,0.93,1.0,,https://www.fmscout.com/a-guide-to-player-roles-in-football-manager.html
role_weights_v2.0,ML/MR/AML/AMR,Wide Target Man,Support,Jumping Reach,5,0,5,role-defining/core,yes,0.75,0.85,0.93,1.0,,https://www.fmscout.com/a-guide-to-player-roles-in-football-manager.html
role_weights_v2.0,ML/MR/AML/AMR,Wide Target Man,Support,Off The Ball,3,0,3,important,no,,,,,,https://www.fmscout.com/a-guide-to-player-roles-in-football-manager.html
role_weights_v2.0,ML/MR/AML/AMR,Wide Target Man,Support,Passing,3,1,4,primary,no,,,,,,https://www.fmscout.com/a-guide-to-player-roles-in-football-manager.html
role_weights_v2.0,ML/MR/AML/AMR,Wide Target Man,Support,Strength,5,0,5,role-defining/core,yes,0.75,0.85,0.93,1.0,,https://www.fmscout.com/a-guide-to-player-roles-in-football-manager.html
role_weights_v2.0,ML/MR/AML/AMR,Wide Target Man,Support,Teamwork,3,1,4,primary,no,,,,,,https://www.fmscout.com/a-guide-to-player-roles-in-football-manager.html
role_weights_v2.0,ML/MR/AML/AMR,Winger,Attack,Acceleration,5,1,5,role-defining/core,yes,0.75,0.85,0.93,1.0,,https://www.fmscout.com/a-guide-to-player-roles-in-football-manager.html
role_weights_v2.0,ML/MR/AML/AMR,Winger,Attack,Agility,3,0,3,important,no,,,,,,https://www.fmscout.com/a-guide-to-player-roles-in-football-manager.html
role_weights_v2.0,ML/MR/AML/AMR,Winger,Attack,Crossing,5,0,5,role-defining/core,yes,0.75,0.85,0.93,1.0,,https://www.fmscout.com/a-guide-to-player-roles-in-football-manager.html
role_weights_v2.0,ML/MR/AML/AMR,Winger,Attack,Decisions,3,0,3,important,no,,,,,,https://www.fmscout.com/a-guide-to-player-roles-in-football-manager.html
role_weights_v2.0,ML/MR/AML/AMR,Winger,Attack,Dribbling,5,1,5,role-defining/core,yes,0.75,0.85,0.93,1.0,,https://www.fmscout.com/a-guide-to-player-roles-in-football-manager.html
role_weights_v2.0,ML/MR/AML/AMR,Winger,Attack,Finishing,0,1,1,marginal,no,,,,,,https://www.fmscout.com/a-guide-to-player-roles-in-football-manager.html
role_weights_v2.0,ML/MR/AML/AMR,Winger,Attack,First Touch,3,0,3,important,no,,,,,,https://www.fmscout.com/a-guide-to-player-roles-in-football-manager.html
role_weights_v2.0,ML/MR/AML/AMR,Winger,Attack,Off The Ball,4,1,5,role-defining/core,yes,0.75,0.85,0.93,1.0,,https://www.fmscout.com/a-guide-to-player-roles-in-football-manager.html
role_weights_v2.0,ML/MR/AML/AMR,Winger,Attack,Pace,5,1,5,role-defining/core,yes,0.75,0.85,0.93,1.0,,https://www.fmscout.com/a-guide-to-player-roles-in-football-manager.html
role_weights_v2.0,ML/MR/AML/AMR,Winger,Attack,Stamina,2,0,2,useful,no,,,,,,https://www.fmscout.com/a-guide-to-player-roles-in-football-manager.html
role_weights_v2.0,ML/MR/AML/AMR,Winger,Attack,Technique,3,0,3,important,no,,,,,,https://www.fmscout.com/a-guide-to-player-roles-in-football-manager.html
role_weights_v2.0,ML/MR/AML/AMR,Winger,Support,Acceleration,5,0,5,role-defining/core,yes,0.75,0.85,0.93,1.0,,https://www.fmscout.com/a-guide-to-player-roles-in-football-manager.html
role_weights_v2.0,ML/MR/AML/AMR,Winger,Support,Agility,3,0,3,important,no,,,,,,https://www.fmscout.com/a-guide-to-player-roles-in-football-manager.html
role_weights_v2.0,ML/MR/AML/AMR,Winger,Support,Crossing,5,0,5,role-defining/core,yes,0.75,0.85,0.93,1.0,,https://www.fmscout.com/a-guide-to-player-roles-in-football-manager.html
role_weights_v2.0,ML/MR/AML/AMR,Winger,Support,Decisions,3,0,3,important,no,,,,,,https://www.fmscout.com/a-guide-to-player-roles-in-football-manager.html
role_weights_v2.0,ML/MR/AML/AMR,Winger,Support,Dribbling,5,0,5,role-defining/core,yes,0.75,0.85,0.93,1.0,,https://www.fmscout.com/a-guide-to-player-roles-in-football-manager.html
role_weights_v2.0,ML/MR/AML/AMR,Winger,Support,First Touch,3,0,3,important,no,,,,,,https://www.fmscout.com/a-guide-to-player-roles-in-football-manager.html
role_weights_v2.0,ML/MR/AML/AMR,Winger,Support,Off The Ball,4,0,4,primary,no,,,,,,https://www.fmscout.com/a-guide-to-player-roles-in-football-manager.html
role_weights_v2.0,ML/MR/AML/AMR,Winger,Support,Pace,5,0,5,role-defining/core,yes,0.75,0.85,0.93,1.0,,https://www.fmscout.com/a-guide-to-player-roles-in-football-manager.html
role_weights_v2.0,ML/MR/AML/AMR,Winger,Support,Passing,0,1,1,marginal,no,,,,,,https://www.fmscout.com/a-guide-to-player-roles-in-football-manager.html
role_weights_v2.0,ML/MR/AML/AMR,Winger,Support,Stamina,2,0,2,useful,no,,,,,,https://www.fmscout.com/a-guide-to-player-roles-in-football-manager.html
role_weights_v2.0,ML/MR/AML/AMR,Winger,Support,Teamwork,0,1,1,marginal,no,,,,,,https://www.fmscout.com/a-guide-to-player-roles-in-football-manager.html
role_weights_v2.0,ML/MR/AML/AMR,Winger,Support,Technique,3,0,3,important,no,,,,,,https://www.fmscout.com/a-guide-to-player-roles-in-football-manager.html
role_weights_v2.0,ML/MR/AML/AMR,Winger,Support,Vision,0,1,1,marginal,no,,,,,,https://www.fmscout.com/a-guide-to-player-roles-in-football-manager.html
role_weights_v2.0,ST,Advanced Forward,Attack,Acceleration,5,0,5,role-defining/core,yes,0.75,0.85,0.93,1.0,,https://www.fmscout.com/a-guide-to-player-roles-in-football-manager.html
role_weights_v2.0,ST,Advanced Forward,Attack,Agility,2,0,2,useful,no,,,,,,https://www.fmscout.com/a-guide-to-player-roles-in-football-manager.html
role_weights_v2.0,ST,Advanced Forward,Attack,Anticipation,4,0,4,primary,no,,,,,,https://www.fmscout.com/a-guide-to-player-roles-in-football-manager.html
role_weights_v2.0,ST,Advanced Forward,Attack,Composure,4,0,4,primary,no,,,,,,https://www.fmscout.com/a-guide-to-player-roles-in-football-manager.html
role_weights_v2.0,ST,Advanced Forward,Attack,Decisions,3,0,3,important,no,,,,,,https://www.fmscout.com/a-guide-to-player-roles-in-football-manager.html
role_weights_v2.0,ST,Advanced Forward,Attack,Dribbling,3,0,3,important,no,,,,,,https://www.fmscout.com/a-guide-to-player-roles-in-football-manager.html
role_weights_v2.0,ST,Advanced Forward,Attack,Finishing,5,0,5,role-defining/core,yes,0.75,0.85,0.93,1.0,,https://www.fmscout.com/a-guide-to-player-roles-in-football-manager.html
role_weights_v2.0,ST,Advanced Forward,Attack,First Touch,4,0,4,primary,no,,,,,,https://www.fmscout.com/a-guide-to-player-roles-in-football-manager.html
role_weights_v2.0,ST,Advanced Forward,Attack,Off The Ball,5,0,5,role-defining/core,yes,0.75,0.85,0.93,1.0,,https://www.fmscout.com/a-guide-to-player-roles-in-football-manager.html
role_weights_v2.0,ST,Advanced Forward,Attack,Pace,5,0,5,role-defining/core,yes,0.75,0.85,0.93,1.0,,https://www.fmscout.com/a-guide-to-player-roles-in-football-manager.html
role_weights_v2.0,ST,Advanced Forward,Attack,Technique,3,0,3,important,no,,,,,,https://www.fmscout.com/a-guide-to-player-roles-in-football-manager.html
role_weights_v2.0,ST,Complete Forward,Attack,Acceleration,3,1,4,primary,no,,,,,,https://www.fmscout.com/a-guide-to-player-roles-in-football-manager.html
role_weights_v2.0,ST,Complete Forward,Attack,Anticipation,4,0,4,primary,no,,,,,,https://www.fmscout.com/a-guide-to-player-roles-in-football-manager.html
role_weights_v2.0,ST,Complete Forward,Attack,Balance,3,0,3,important,no,,,,,,https://www.fmscout.com/a-guide-to-player-roles-in-football-manager.html
role_weights_v2.0,ST,Complete Forward,Attack,Composure,4,0,4,primary,no,,,,,,https://www.fmscout.com/a-guide-to-player-roles-in-football-manager.html
role_weights_v2.0,ST,Complete Forward,Attack,Decisions,4,0,4,primary,no,,,,,,https://www.fmscout.com/a-guide-to-player-roles-in-football-manager.html
role_weights_v2.0,ST,Complete Forward,Attack,Dribbling,4,1,5,role-defining/core,yes,0.75,0.85,0.93,1.0,,https://www.fmscout.com/a-guide-to-player-roles-in-football-manager.html
role_weights_v2.0,ST,Complete Forward,Attack,Finishing,4,1,5,role-defining/core,yes,0.75,0.85,0.93,1.0,,https://www.fmscout.com/a-guide-to-player-roles-in-football-manager.html
role_weights_v2.0,ST,Complete Forward,Attack,First Touch,4,0,4,primary,no,,,,,,https://www.fmscout.com/a-guide-to-player-roles-in-football-manager.html
role_weights_v2.0,ST,Complete Forward,Attack,Heading,3,0,3,important,no,,,,,,https://www.fmscout.com/a-guide-to-player-roles-in-football-manager.html
role_weights_v2.0,ST,Complete Forward,Attack,Off The Ball,4,1,5,role-defining/core,yes,0.75,0.85,0.93,1.0,,https://www.fmscout.com/a-guide-to-player-roles-in-football-manager.html
role_weights_v2.0,ST,Complete Forward,Attack,Pace,3,0,3,important,no,,,,,,https://www.fmscout.com/a-guide-to-player-roles-in-football-manager.html
role_weights_v2.0,ST,Complete Forward,Attack,Passing,4,0,4,primary,no,,,,,,https://www.fmscout.com/a-guide-to-player-roles-in-football-manager.html
role_weights_v2.0,ST,Complete Forward,Attack,Strength,4,0,4,primary,no,,,,,,https://www.fmscout.com/a-guide-to-player-roles-in-football-manager.html
role_weights_v2.0,ST,Complete Forward,Attack,Technique,4,0,4,primary,no,,,,,,https://www.fmscout.com/a-guide-to-player-roles-in-football-manager.html
role_weights_v2.0,ST,Complete Forward,Attack,Vision,3,0,3,important,no,,,,,,https://www.fmscout.com/a-guide-to-player-roles-in-football-manager.html
role_weights_v2.0,ST,Complete Forward,Support,Acceleration,3,0,3,important,no,,,,,,https://www.fmscout.com/a-guide-to-player-roles-in-football-manager.html
role_weights_v2.0,ST,Complete Forward,Support,Anticipation,4,0,4,primary,no,,,,,,https://www.fmscout.com/a-guide-to-player-roles-in-football-manager.html
role_weights_v2.0,ST,Complete Forward,Support,Balance,3,0,3,important,no,,,,,,https://www.fmscout.com/a-guide-to-player-roles-in-football-manager.html
role_weights_v2.0,ST,Complete Forward,Support,Composure,4,0,4,primary,no,,,,,,https://www.fmscout.com/a-guide-to-player-roles-in-football-manager.html
role_weights_v2.0,ST,Complete Forward,Support,Decisions,4,0,4,primary,no,,,,,,https://www.fmscout.com/a-guide-to-player-roles-in-football-manager.html
role_weights_v2.0,ST,Complete Forward,Support,Dribbling,4,0,4,primary,no,,,,,,https://www.fmscout.com/a-guide-to-player-roles-in-football-manager.html
role_weights_v2.0,ST,Complete Forward,Support,Finishing,4,0,4,primary,no,,,,,,https://www.fmscout.com/a-guide-to-player-roles-in-football-manager.html
role_weights_v2.0,ST,Complete Forward,Support,First Touch,4,1,5,role-defining/core,yes,0.75,0.85,0.93,1.0,,https://www.fmscout.com/a-guide-to-player-roles-in-football-manager.html
role_weights_v2.0,ST,Complete Forward,Support,Heading,3,0,3,important,no,,,,,,https://www.fmscout.com/a-guide-to-player-roles-in-football-manager.html
role_weights_v2.0,ST,Complete Forward,Support,Off The Ball,4,0,4,primary,no,,,,,,https://www.fmscout.com/a-guide-to-player-roles-in-football-manager.html
role_weights_v2.0,ST,Complete Forward,Support,Pace,3,0,3,important,no,,,,,,https://www.fmscout.com/a-guide-to-player-roles-in-football-manager.html
role_weights_v2.0,ST,Complete Forward,Support,Passing,4,1,5,role-defining/core,yes,0.75,0.85,0.93,1.0,,https://www.fmscout.com/a-guide-to-player-roles-in-football-manager.html
role_weights_v2.0,ST,Complete Forward,Support,Strength,4,0,4,primary,no,,,,,,https://www.fmscout.com/a-guide-to-player-roles-in-football-manager.html
role_weights_v2.0,ST,Complete Forward,Support,Teamwork,0,1,1,marginal,no,,,,,,https://www.fmscout.com/a-guide-to-player-roles-in-football-manager.html
role_weights_v2.0,ST,Complete Forward,Support,Technique,4,0,4,primary,no,,,,,,https://www.fmscout.com/a-guide-to-player-roles-in-football-manager.html
role_weights_v2.0,ST,Complete Forward,Support,Vision,3,1,4,primary,no,,,,,,https://www.fmscout.com/a-guide-to-player-roles-in-football-manager.html
role_weights_v2.0,ST,Deep-Lying Forward,Attack,Anticipation,3,0,3,important,no,,,,,,https://www.fmscout.com/a-guide-to-player-roles-in-football-manager.html
role_weights_v2.0,ST,Deep-Lying Forward,Attack,Balance,3,0,3,important,no,,,,,,https://www.fmscout.com/a-guide-to-player-roles-in-football-manager.html
role_weights_v2.0,ST,Deep-Lying Forward,Attack,Composure,3,1,4,primary,no,,,,,,https://www.fmscout.com/a-guide-to-player-roles-in-football-manager.html
role_weights_v2.0,ST,Deep-Lying Forward,Attack,Decisions,3,0,3,important,no,,,,,,https://www.fmscout.com/a-guide-to-player-roles-in-football-manager.html
role_weights_v2.0,ST,Deep-Lying Forward,Attack,Finishing,3,1,4,primary,no,,,,,,https://www.fmscout.com/a-guide-to-player-roles-in-football-manager.html
role_weights_v2.0,ST,Deep-Lying Forward,Attack,First Touch,5,0,5,role-defining/core,yes,0.75,0.85,0.93,1.0,,https://www.fmscout.com/a-guide-to-player-roles-in-football-manager.html
role_weights_v2.0,ST,Deep-Lying Forward,Attack,Off The Ball,4,1,5,role-defining/core,yes,0.75,0.85,0.93,1.0,,https://www.fmscout.com/a-guide-to-player-roles-in-football-manager.html
role_weights_v2.0,ST,Deep-Lying Forward,Attack,Passing,4,0,4,primary,no,,,,,,https://www.fmscout.com/a-guide-to-player-roles-in-football-manager.html
role_weights_v2.0,ST,Deep-Lying Forward,Attack,Strength,4,0,4,primary,no,,,,,,https://www.fmscout.com/a-guide-to-player-roles-in-football-manager.html
role_weights_v2.0,ST,Deep-Lying Forward,Attack,Teamwork,4,0,4,primary,no,,,,,,https://www.fmscout.com/a-guide-to-player-roles-in-football-manager.html
role_weights_v2.0,ST,Deep-Lying Forward,Attack,Technique,4,0,4,primary,no,,,,,,https://www.fmscout.com/a-guide-to-player-roles-in-football-manager.html
role_weights_v2.0,ST,Deep-Lying Forward,Attack,Vision,4,0,4,primary,no,,,,,,https://www.fmscout.com/a-guide-to-player-roles-in-football-manager.html
role_weights_v2.0,ST,Deep-Lying Forward,Support,Anticipation,3,0,3,important,no,,,,,,https://www.fmscout.com/a-guide-to-player-roles-in-football-manager.html
role_weights_v2.0,ST,Deep-Lying Forward,Support,Balance,3,0,3,important,no,,,,,,https://www.fmscout.com/a-guide-to-player-roles-in-football-manager.html
role_weights_v2.0,ST,Deep-Lying Forward,Support,Composure,3,0,3,important,no,,,,,,https://www.fmscout.com/a-guide-to-player-roles-in-football-manager.html
role_weights_v2.0,ST,Deep-Lying Forward,Support,Decisions,3,0,3,important,no,,,,,,https://www.fmscout.com/a-guide-to-player-roles-in-football-manager.html
role_weights_v2.0,ST,Deep-Lying Forward,Support,Finishing,3,0,3,important,no,,,,,,https://www.fmscout.com/a-guide-to-player-roles-in-football-manager.html
role_weights_v2.0,ST,Deep-Lying Forward,Support,First Touch,5,1,5,role-defining/core,yes,0.75,0.85,0.93,1.0,,https://www.fmscout.com/a-guide-to-player-roles-in-football-manager.html
role_weights_v2.0,ST,Deep-Lying Forward,Support,Off The Ball,4,0,4,primary,no,,,,,,https://www.fmscout.com/a-guide-to-player-roles-in-football-manager.html
role_weights_v2.0,ST,Deep-Lying Forward,Support,Passing,4,1,5,role-defining/core,yes,0.75,0.85,0.93,1.0,,https://www.fmscout.com/a-guide-to-player-roles-in-football-manager.html
role_weights_v2.0,ST,Deep-Lying Forward,Support,Strength,4,0,4,primary,no,,,,,,https://www.fmscout.com/a-guide-to-player-roles-in-football-manager.html
role_weights_v2.0,ST,Deep-Lying Forward,Support,Teamwork,4,1,5,role-defining/core,yes,0.75,0.85,0.93,1.0,,https://www.fmscout.com/a-guide-to-player-roles-in-football-manager.html
role_weights_v2.0,ST,Deep-Lying Forward,Support,Technique,4,0,4,primary,no,,,,,,https://www.fmscout.com/a-guide-to-player-roles-in-football-manager.html
role_weights_v2.0,ST,Deep-Lying Forward,Support,Vision,4,1,5,role-defining/core,yes,0.75,0.85,0.93,1.0,,https://www.fmscout.com/a-guide-to-player-roles-in-football-manager.html
role_weights_v2.0,ST,False Nine,Support,Agility,3,0,3,important,no,,,,,,https://www.fmscout.com/a-guide-to-player-roles-in-football-manager.html
role_weights_v2.0,ST,False Nine,Support,Anticipation,3,0,3,important,no,,,,,,https://www.fmscout.com/a-guide-to-player-roles-in-football-manager.html
role_weights_v2.0,ST,False Nine,Support,Composure,4,0,4,primary,no,,,,,,https://www.fmscout.com/a-guide-to-player-roles-in-football-manager.html
role_weights_v2.0,ST,False Nine,Support,Decisions,4,0,4,primary,no,,,,,,https://www.fmscout.com/a-guide-to-player-roles-in-football-manager.html
role_weights_v2.0,ST,False Nine,Support,Dribbling,4,0,4,primary,no,,,,,,https://www.fmscout.com/a-guide-to-player-roles-in-football-manager.html
role_weights_v2.0,ST,False Nine,Support,First Touch,5,0,5,role-defining/core,yes,0.75,0.85,0.93,1.0,,https://www.fmscout.com/a-guide-to-player-roles-in-football-manager.html
role_weights_v2.0,ST,False Nine,Support,Flair,4,0,4,primary,no,,,,,,https://www.fmscout.com/a-guide-to-player-roles-in-football-manager.html
role_weights_v2.0,ST,False Nine,Support,Off The Ball,4,0,4,primary,no,,,,,,https://www.fmscout.com/a-guide-to-player-roles-in-football-manager.html
role_weights_v2.0,ST,False Nine,Support,Passing,5,0,5,role-defining/core,yes,0.75,0.85,0.93,1.0,,https://www.fmscout.com/a-guide-to-player-roles-in-football-manager.html
role_weights_v2.0,ST,False Nine,Support,Teamwork,3,0,3,important,no,,,,,,https://www.fmscout.com/a-guide-to-player-roles-in-football-manager.html
role_weights_v2.0,ST,False Nine,Support,Technique,5,0,5,role-defining/core,yes,0.75,0.85,0.93,1.0,,https://www.fmscout.com/a-guide-to-player-roles-in-football-manager.html
role_weights_v2.0,ST,False Nine,Support,Vision,5,0,5,role-defining/core,yes,0.75,0.85,0.93,1.0,,https://www.fmscout.com/a-guide-to-player-roles-in-football-manager.html
role_weights_v2.0,ST,Poacher,Attack,Acceleration,4,0,4,primary,no,,,,,,https://www.fmscout.com/a-guide-to-player-roles-in-football-manager.html
role_weights_v2.0,ST,Poacher,Attack,Agility,3,0,3,important,no,,,,,,https://www.fmscout.com/a-guide-to-player-roles-in-football-manager.html
role_weights_v2.0,ST,Poacher,Attack,Anticipation,5,0,5,role-defining/core,yes,0.75,0.85,0.93,1.0,,https://www.fmscout.com/a-guide-to-player-roles-in-football-manager.html
role_weights_v2.0,ST,Poacher,Attack,Composure,5,0,5,role-defining/core,yes,0.75,0.85,0.93,1.0,,https://www.fmscout.com/a-guide-to-player-roles-in-football-manager.html
role_weights_v2.0,ST,Poacher,Attack,Decisions,3,0,3,important,no,,,,,,https://www.fmscout.com/a-guide-to-player-roles-in-football-manager.html
role_weights_v2.0,ST,Poacher,Attack,Finishing,5,0,5,role-defining/core,yes,0.75,0.85,0.93,1.0,,https://www.fmscout.com/a-guide-to-player-roles-in-football-manager.html
role_weights_v2.0,ST,Poacher,Attack,First Touch,3,0,3,important,no,,,,,,https://www.fmscout.com/a-guide-to-player-roles-in-football-manager.html
role_weights_v2.0,ST,Poacher,Attack,Off The Ball,5,0,5,role-defining/core,yes,0.75,0.85,0.93,1.0,,https://www.fmscout.com/a-guide-to-player-roles-in-football-manager.html
role_weights_v2.0,ST,Poacher,Attack,Pace,4,0,4,primary,no,,,,,,https://www.fmscout.com/a-guide-to-player-roles-in-football-manager.html
role_weights_v2.0,ST,Pressing Forward,Attack,Acceleration,4,0,4,primary,no,,,,,,https://www.fmscout.com/a-guide-to-player-roles-in-football-manager.html
role_weights_v2.0,ST,Pressing Forward,Attack,Aggression,4,0,4,primary,no,,,,,,https://www.fmscout.com/a-guide-to-player-roles-in-football-manager.html
role_weights_v2.0,ST,Pressing Forward,Attack,Anticipation,4,0,4,primary,no,,,,,,https://www.fmscout.com/a-guide-to-player-roles-in-football-manager.html
role_weights_v2.0,ST,Pressing Forward,Attack,Bravery,4,0,4,primary,no,,,,,,https://www.fmscout.com/a-guide-to-player-roles-in-football-manager.html
role_weights_v2.0,ST,Pressing Forward,Attack,Composure,0,3,3,important,no,,,,,,https://www.fmscout.com/a-guide-to-player-roles-in-football-manager.html
role_weights_v2.0,ST,Pressing Forward,Attack,Finishing,0,4,4,primary,no,,,,,,https://www.fmscout.com/a-guide-to-player-roles-in-football-manager.html
role_weights_v2.0,ST,Pressing Forward,Attack,First Touch,0,3,3,important,no,,,,,,https://www.fmscout.com/a-guide-to-player-roles-in-football-manager.html
role_weights_v2.0,ST,Pressing Forward,Attack,Off The Ball,3,1,4,primary,no,,,,,,https://www.fmscout.com/a-guide-to-player-roles-in-football-manager.html
role_weights_v2.0,ST,Pressing Forward,Attack,Pace,4,1,5,role-defining/core,yes,0.75,0.85,0.93,1.0,,https://www.fmscout.com/a-guide-to-player-roles-in-football-manager.html
role_weights_v2.0,ST,Pressing Forward,Attack,Stamina,4,0,4,primary,no,,,,,,https://www.fmscout.com/a-guide-to-player-roles-in-football-manager.html
role_weights_v2.0,ST,Pressing Forward,Attack,Strength,3,0,3,important,no,,,,,,https://www.fmscout.com/a-guide-to-player-roles-in-football-manager.html
role_weights_v2.0,ST,Pressing Forward,Attack,Teamwork,4,0,4,primary,no,,,,,,https://www.fmscout.com/a-guide-to-player-roles-in-football-manager.html
role_weights_v2.0,ST,Pressing Forward,Attack,Work Rate,5,0,5,role-defining/core,yes,0.75,0.85,0.93,1.0,,https://www.fmscout.com/a-guide-to-player-roles-in-football-manager.html
role_weights_v2.0,ST,Pressing Forward,Defend,Acceleration,4,0,4,primary,no,,,,,,https://www.fmscout.com/a-guide-to-player-roles-in-football-manager.html
role_weights_v2.0,ST,Pressing Forward,Defend,Aggression,4,0,4,primary,no,,,,,,https://www.fmscout.com/a-guide-to-player-roles-in-football-manager.html
role_weights_v2.0,ST,Pressing Forward,Defend,Anticipation,4,0,4,primary,no,,,,,,https://www.fmscout.com/a-guide-to-player-roles-in-football-manager.html
role_weights_v2.0,ST,Pressing Forward,Defend,Bravery,4,0,4,primary,no,,,,,,https://www.fmscout.com/a-guide-to-player-roles-in-football-manager.html
role_weights_v2.0,ST,Pressing Forward,Defend,First Touch,0,3,3,important,no,,,,,,https://www.fmscout.com/a-guide-to-player-roles-in-football-manager.html
role_weights_v2.0,ST,Pressing Forward,Defend,Off The Ball,3,0,3,important,no,,,,,,https://www.fmscout.com/a-guide-to-player-roles-in-football-manager.html
role_weights_v2.0,ST,Pressing Forward,Defend,Pace,4,0,4,primary,no,,,,,,https://www.fmscout.com/a-guide-to-player-roles-in-football-manager.html
role_weights_v2.0,ST,Pressing Forward,Defend,Passing,0,3,3,important,no,,,,,,https://www.fmscout.com/a-guide-to-player-roles-in-football-manager.html
role_weights_v2.0,ST,Pressing Forward,Defend,Stamina,4,0,4,primary,no,,,,,,https://www.fmscout.com/a-guide-to-player-roles-in-football-manager.html
role_weights_v2.0,ST,Pressing Forward,Defend,Strength,3,1,4,primary,no,,,,,,https://www.fmscout.com/a-guide-to-player-roles-in-football-manager.html
role_weights_v2.0,ST,Pressing Forward,Defend,Teamwork,4,1,5,role-defining/core,yes,0.75,0.85,0.93,1.0,,https://www.fmscout.com/a-guide-to-player-roles-in-football-manager.html
role_weights_v2.0,ST,Pressing Forward,Defend,Work Rate,5,1,5,role-defining/core,yes,0.75,0.85,0.93,1.0,,https://www.fmscout.com/a-guide-to-player-roles-in-football-manager.html
role_weights_v2.0,ST,Pressing Forward,Support,Acceleration,4,0,4,primary,no,,,,,,https://www.fmscout.com/a-guide-to-player-roles-in-football-manager.html
role_weights_v2.0,ST,Pressing Forward,Support,Aggression,4,0,4,primary,no,,,,,,https://www.fmscout.com/a-guide-to-player-roles-in-football-manager.html
role_weights_v2.0,ST,Pressing Forward,Support,Anticipation,4,0,4,primary,no,,,,,,https://www.fmscout.com/a-guide-to-player-roles-in-football-manager.html
role_weights_v2.0,ST,Pressing Forward,Support,Bravery,4,0,4,primary,no,,,,,,https://www.fmscout.com/a-guide-to-player-roles-in-football-manager.html
role_weights_v2.0,ST,Pressing Forward,Support,Finishing,0,2,2,useful,no,,,,,,https://www.fmscout.com/a-guide-to-player-roles-in-football-manager.html
role_weights_v2.0,ST,Pressing Forward,Support,First Touch,0,3,3,important,no,,,,,,https://www.fmscout.com/a-guide-to-player-roles-in-football-manager.html
role_weights_v2.0,ST,Pressing Forward,Support,Off The Ball,3,1,4,primary,no,,,,,,https://www.fmscout.com/a-guide-to-player-roles-in-football-manager.html
role_weights_v2.0,ST,Pressing Forward,Support,Pace,4,0,4,primary,no,,,,,,https://www.fmscout.com/a-guide-to-player-roles-in-football-manager.html
role_weights_v2.0,ST,Pressing Forward,Support,Passing,0,4,4,primary,no,,,,,,https://www.fmscout.com/a-guide-to-player-roles-in-football-manager.html
role_weights_v2.0,ST,Pressing Forward,Support,Stamina,4,0,4,primary,no,,,,,,https://www.fmscout.com/a-guide-to-player-roles-in-football-manager.html
role_weights_v2.0,ST,Pressing Forward,Support,Strength,3,0,3,important,no,,,,,,https://www.fmscout.com/a-guide-to-player-roles-in-football-manager.html
role_weights_v2.0,ST,Pressing Forward,Support,Teamwork,4,0,4,primary,no,,,,,,https://www.fmscout.com/a-guide-to-player-roles-in-football-manager.html
role_weights_v2.0,ST,Pressing Forward,Support,Work Rate,5,0,5,role-defining/core,yes,0.75,0.85,0.93,1.0,,https://www.fmscout.com/a-guide-to-player-roles-in-football-manager.html
role_weights_v2.0,ST,Target Man,Attack,Anticipation,3,0,3,important,no,,,,,,https://www.fmscout.com/a-guide-to-player-roles-in-football-manager.html
role_weights_v2.0,ST,Target Man,Attack,Balance,5,0,5,role-defining/core,yes,0.75,0.85,0.93,1.0,,https://www.fmscout.com/a-guide-to-player-roles-in-football-manager.html
role_weights_v2.0,ST,Target Man,Attack,Bravery,4,0,4,primary,no,,,,,,https://www.fmscout.com/a-guide-to-player-roles-in-football-manager.html
role_weights_v2.0,ST,Target Man,Attack,Composure,0,1,1,marginal,no,,,,,,https://www.fmscout.com/a-guide-to-player-roles-in-football-manager.html
role_weights_v2.0,ST,Target Man,Attack,Finishing,3,1,4,primary,no,,,,,,https://www.fmscout.com/a-guide-to-player-roles-in-football-manager.html
role_weights_v2.0,ST,Target Man,Attack,First Touch,4,0,4,primary,no,,,,,,https://www.fmscout.com/a-guide-to-player-roles-in-football-manager.html
role_weights_v2.0,ST,Target Man,Attack,Heading,5,0,5,role-defining/core,yes,0.75,0.85,0.93,1.0,,https://www.fmscout.com/a-guide-to-player-roles-in-football-manager.html
role_weights_v2.0,ST,Target Man,Attack,Jumping Reach,5,0,5,role-defining/core,yes,0.75,0.85,0.93,1.0,,https://www.fmscout.com/a-guide-to-player-roles-in-football-manager.html
role_weights_v2.0,ST,Target Man,Attack,Off The Ball,3,1,4,primary,no,,,,,,https://www.fmscout.com/a-guide-to-player-roles-in-football-manager.html
role_weights_v2.0,ST,Target Man,Attack,Passing,2,0,2,useful,no,,,,,,https://www.fmscout.com/a-guide-to-player-roles-in-football-manager.html
role_weights_v2.0,ST,Target Man,Attack,Strength,5,0,5,role-defining/core,yes,0.75,0.85,0.93,1.0,,https://www.fmscout.com/a-guide-to-player-roles-in-football-manager.html
role_weights_v2.0,ST,Target Man,Attack,Teamwork,3,0,3,important,no,,,,,,https://www.fmscout.com/a-guide-to-player-roles-in-football-manager.html
role_weights_v2.0,ST,Target Man,Support,Anticipation,3,0,3,important,no,,,,,,https://www.fmscout.com/a-guide-to-player-roles-in-football-manager.html
role_weights_v2.0,ST,Target Man,Support,Balance,5,0,5,role-defining/core,yes,0.75,0.85,0.93,1.0,,https://www.fmscout.com/a-guide-to-player-roles-in-football-manager.html
role_weights_v2.0,ST,Target Man,Support,Bravery,4,0,4,primary,no,,,,,,https://www.fmscout.com/a-guide-to-player-roles-in-football-manager.html
role_weights_v2.0,ST,Target Man,Support,Finishing,3,0,3,important,no,,,,,,https://www.fmscout.com/a-guide-to-player-roles-in-football-manager.html
role_weights_v2.0,ST,Target Man,Support,First Touch,4,1,5,role-defining/core,yes,0.75,0.85,0.93,1.0,,https://www.fmscout.com/a-guide-to-player-roles-in-football-manager.html
role_weights_v2.0,ST,Target Man,Support,Heading,5,0,5,role-defining/core,yes,0.75,0.85,0.93,1.0,,https://www.fmscout.com/a-guide-to-player-roles-in-football-manager.html
role_weights_v2.0,ST,Target Man,Support,Jumping Reach,5,0,5,role-defining/core,yes,0.75,0.85,0.93,1.0,,https://www.fmscout.com/a-guide-to-player-roles-in-football-manager.html
role_weights_v2.0,ST,Target Man,Support,Off The Ball,3,0,3,important,no,,,,,,https://www.fmscout.com/a-guide-to-player-roles-in-football-manager.html
role_weights_v2.0,ST,Target Man,Support,Passing,2,1,3,important,no,,,,,,https://www.fmscout.com/a-guide-to-player-roles-in-football-manager.html
role_weights_v2.0,ST,Target Man,Support,Strength,5,0,5,role-defining/core,yes,0.75,0.85,0.93,1.0,,https://www.fmscout.com/a-guide-to-player-roles-in-football-manager.html
role_weights_v2.0,ST,Target Man,Support,Teamwork,3,1,4,primary,no,,,,,,https://www.fmscout.com/a-guide-to-player-roles-in-football-manager.html
